BRAND,REGION,MONTH,FORECASTED_TRx,SEASONAL_COMPONENT,MULTIPLICATIVE_TREND,RESIDUAL,CONFIDENCE_INTERVAL_UPPER,CONFIDENCE_INTERVAL_LOWER,DATE
BETAVAX,Mid-Atlantic,25,7125.083333333334,0.9058167215010005,8010.3784722222235,0.9819662887577324,9153.907283565146,5096.259383101523,2024-09-01
BETAVAX,Mid-Atlantic,26,7881.083333333334,0.9743556006395913,8122.218750000002,0.9958495970857327,9909.907283565146,5852.259383101523,2024-10-01
BETAVAX,Mid-Atlantic,27,7858.083333333334,0.9594479522284705,8234.05902777778,0.9946750715259587,9886.907283565146,5829.259383101523,2024-11-01
BETAVAX,Mid-Atlantic,28,7389.083333333334,0.8950771151416962,8345.899305555558,0.98913819102838,9417.907283565146,5360.259383101523,2024-12-01
BETAVAX,Mid-Atlantic,29,7725.083333333334,0.9211392242117503,8457.739583333336,0.991570478172532,9753.907283565146,5696.259383101523,2025-01-01
BETAVAX,Mid-Atlantic,30,8683.083333333334,1.0143668326772788,8569.579861111113,0.9988939857084348,10711.907283565146,6654.259383101523,2025-02-01
BETAVAX,Mid-Atlantic,31,8902.083333333334,1.0257575060473654,8681.420138888887,0.9996688908781526,10930.907283565146,6873.259383101523,2025-03-01
BETAVAX,Mid-Atlantic,32,9577.083333333334,1.0853972961572353,8793.260416666666,1.003447362576091,11605.907283565146,7548.259383101523,2025-04-01
BETAVAX,Mid-Atlantic,33,7926.083333333334,0.8990495912053664,8905.100694444443,0.9900021815467027,9954.907283565146,5897.259383101523,2025-05-01
BETAVAX,Mid-Atlantic,34,10483.083333333334,1.154362963560053,9016.940972222223,1.0071343928619174,12511.907283565146,8454.259383101522,2025-06-01
BETAVAX,Mid-Atlantic,35,9208.083333333334,1.0101405219419115,9128.78125,0.9985611086702271,11236.907283565146,7179.259383101523,2025-07-01
BETAVAX,Mid-Atlantic,36,10748.083333333334,1.1550886746882818,9240.62152777778,1.0069653259780778,12776.907283565146,8719.259383101522,2025-08-01
BETAVAX,Mid-Atlantic,37,8467.166666666668,0.9058167215010005,9352.461805555557,0.99947476091311,11336.357012751852,5597.976320581483,2025-09-01
BETAVAX,Mid-Atlantic,38,9223.166666666668,0.9743556006395913,9464.302083333334,1.0001703529052886,12092.357012751852,6353.976320581483,2025-10-01
BETAVAX,Mid-Atlantic,39,9200.166666666668,0.9594479522284705,9576.142361111111,1.0013448784650625,12069.357012751852,6330.976320581483,2025-11-01
BETAVAX,Mid-Atlantic,40,8731.166666666668,0.8950771151416962,9687.982638888889,1.006881758962641,11600.357012751852,5861.976320581483,2025-12-01
BETAVAX,Mid-Atlantic,41,9067.166666666668,0.9211392242117503,9799.822916666666,1.0044494718184893,11936.357012751852,6197.976320581483,2026-01-01
BETAVAX,Mid-Atlantic,42,10025.166666666668,1.0143668326772788,9911.663194444445,0.9971259642825863,12894.357012751852,7155.976320581483,2026-02-01
BETAVAX,Mid-Atlantic,43,10244.166666666668,1.0257575060473654,10023.503472222223,0.9963510591128688,13113.357012751852,7374.976320581483,2026-03-01
BETAVAX,Mid-Atlantic,44,10919.166666666668,1.0853972961572353,10135.343750000007,0.9925725874149304,13788.357012751852,8049.976320581483,2026-04-01
BETAVAX,Mid-Atlantic,45,9268.166666666668,0.8990495912053664,10247.184027777785,1.0060177684443183,12137.357012751852,6398.976320581483,2026-05-01
BETAVAX,Mid-Atlantic,46,11825.166666666668,1.154362963560053,10359.024305555562,0.9888855571291038,14694.357012751852,8955.976320581483,2026-06-01
BETAVAX,Mid-Atlantic,47,10550.166666666668,1.0101405219419115,10470.86458333334,0.9974588413207944,13419.357012751852,7680.976320581483,2026-07-01
BETAVAX,Mid-Atlantic,48,12090.166666666668,1.1550886746882818,10582.704861111119,0.9890546240129439,14959.357012751852,9220.976320581483,2026-08-01
BETAVAX,Mid-Atlantic,49,9809.250000000002,0.9058167215010005,10694.545138888896,1.012588875315689,13323.27616141409,6295.223838585914,2026-09-01
BETAVAX,Mid-Central,25,10930.240047079395,1.0788561945511541,10042.269656299342,1.0088678013091272,12917.974493137835,8942.505601020954,2024-09-01
BETAVAX,Mid-Central,26,9819.45378700232,0.9688181929566787,10175.724138549536,0.9960467439450714,11894.354339532083,7744.553234472556,2024-10-01
BETAVAX,Mid-Central,27,9789.45378700232,0.9544033948349995,10309.17862079973,0.9949526673610791,11864.354339532083,7714.553234472556,2024-11-01
BETAVAX,Mid-Central,28,9596.45378700232,0.9257410690990058,10442.633103049924,0.9926844656372666,11671.354339532083,7521.553234472556,2024-12-01
BETAVAX,Mid-Central,29,9233.45378700232,0.8827182889034815,10576.087585300118,0.9890471968288551,11308.354339532083,7158.553234472556,2025-01-01
BETAVAX,Mid-Central,30,10740.45378700232,1.004201122148577,10709.542067550312,0.9986907498998018,12815.354339532083,8665.553234472556,2025-02-01
BETAVAX,Mid-Central,31,11137.45378700232,1.026945602861836,10842.996549800504,1.0002053097371204,13212.354339532083,9062.553234472556,2025-03-01
BETAVAX,Mid-Central,32,10309.45378700232,0.9445154414673032,10976.4510320507,0.9944080915615332,12384.354339532083,8234.553234472556,2025-04-01
BETAVAX,Mid-Central,33,10396.45378700232,0.9412359148193922,11109.905514300892,0.9942059816875201,12471.354339532083,8321.553234472556,2025-05-01
BETAVAX,Mid-Central,34,13327.45378700232,1.1755658592861493,11243.359996551086,1.0083332864324503,15402.354339532083,11252.553234472556,2025-06-01
BETAVAX,Mid-Central,35,11631.45378700232,1.022531280710364,11376.814478801278,0.999854304930052,13706.354339532083,9556.553234472556,2025-07-01
BETAVAX,Mid-Central,36,12403.45378700232,1.074467638361059,11510.26896105147,1.0029142945149794,14478.354339532083,10328.553234472556,2025-08-01
BETAVAX,Mid-Central,37,12531.693834081714,1.0788561945511541,11643.723443301664,0.9975951629327727,15405.071729683958,9658.31593847947,2025-09-01
BETAVAX,Mid-Central,38,11420.90757400464,0.9688181929566787,11777.177925551858,1.0009608581615717,14355.260075967659,8486.55507204162,2025-10-01
BETAVAX,Mid-Central,39,11390.90757400464,0.9544033948349995,11910.632407802053,1.0020549347455638,14325.260075967659,8456.55507204162,2025-11-01
BETAVAX,Mid-Central,40,11197.90757400464,0.9257410690990058,12044.086890052247,1.0043231364693759,14132.260075967659,8263.55507204162,2025-12-01
BETAVAX,Mid-Central,41,10834.90757400464,0.8827182889034815,12177.541372302441,1.0079604052777877,13769.260075967659,7900.5550720416195,2026-01-01
BETAVAX,Mid-Central,42,12341.90757400464,1.004201122148577,12310.995854552633,0.9983168522068407,15276.260075967659,9407.55507204162,2026-02-01
BETAVAX,Mid-Central,43,12738.90757400464,1.026945602861836,12444.450336802827,0.9968022923695227,15673.260075967659,9804.55507204162,2026-03-01
BETAVAX,Mid-Central,44,11910.90757400464,0.9445154414673032,12577.904819053025,1.0025995105451095,14845.260075967659,8976.55507204162,2026-04-01
BETAVAX,Mid-Central,45,11997.90757400464,0.9412359148193922,12711.359301303219,1.0028016204191228,14932.260075967659,9063.55507204162,2026-05-01
BETAVAX,Mid-Central,46,14928.90757400464,1.1755658592861493,12844.813783553413,0.9886743156741925,17863.26007596766,11994.55507204162,2026-06-01
BETAVAX,Mid-Central,47,13232.90757400464,1.022531280710364,12978.268265803606,0.9971532971765911,16167.260075967659,10298.55507204162,2026-07-01
BETAVAX,Mid-Central,48,14004.90757400464,1.074467638361059,13111.722748053799,0.9940933075916637,16939.26007596766,11070.55507204162,2026-08-01
BETAVAX,Mid-Central,49,14133.147621084034,1.0788561945511541,13245.177230303994,0.9890484389180644,17677.370079370743,10588.925162797323,2026-09-01
BETAVAX,Midwest,25,8617.25,0.9657418000765298,8996.052083333334,0.9918721637056032,10959.394130833383,6275.105869166617,2024-09-01
BETAVAX,Midwest,26,8586.25,0.9482736522865121,9116.40625,0.9932216446802737,10928.394130833383,6244.105869166617,2024-10-01
BETAVAX,Midwest,27,8776.25,0.9559855925402322,9236.760416666668,0.9938891735516979,11118.394130833383,6434.105869166617,2024-11-01
BETAVAX,Midwest,28,8270.25,0.8939223777407994,9357.114583333334,0.9887281089650413,10612.394130833383,5928.105869166617,2024-12-01
BETAVAX,Midwest,29,7702.25,0.8272134903047669,9477.468750000002,0.9824436307304498,10044.394130833383,5360.105869166617,2025-01-01
BETAVAX,Midwest,30,9437.25,0.9869150863942455,9597.822916666668,0.9963064442082988,11779.394130833383,7095.105869166617,2025-02-01
BETAVAX,Midwest,31,9872.25,1.0174585237264833,9718.177083333332,0.9984231030036942,12214.394130833383,7530.105869166617,2025-03-01
BETAVAX,Midwest,32,10567.25,1.072098629493762,9838.531250000002,1.0018367803037704,12909.394130833383,8225.105869166617,2025-04-01
BETAVAX,Midwest,33,8705.25,0.8843766200823564,9958.885416666666,0.9884011897199547,11047.394130833383,6363.105869166617,2025-05-01
BETAVAX,Midwest,34,12793.25,1.2556393596728408,10079.239583333334,1.0108534496020745,15135.394130833383,10451.105869166617,2025-06-01
BETAVAX,Midwest,35,10547.25,1.034645906083917,10199.593749999998,0.9994581697583568,12889.394130833383,8205.105869166617,2025-07-01
BETAVAX,Midwest,36,12021.25,1.1577289615975543,10319.947916666666,1.0061557788345958,14363.394130833383,9679.105869166617,2025-08-01
BETAVAX,Midwest,37,10061.5,0.9657418000765298,10440.302083333332,0.9979037101969944,13373.791994857114,6749.208005142885,2025-09-01
BETAVAX,Midwest,38,10030.5,0.9482736522865121,10560.656249999998,1.0016084777940724,13342.791994857114,6718.208005142885,2025-10-01
BETAVAX,Midwest,39,10220.5,0.9559855925402322,10681.010416666666,1.0009409489226482,13532.791994857114,6908.208005142885,2025-11-01
BETAVAX,Midwest,40,9714.5,0.8939223777407994,10801.364583333332,1.006102013509305,13026.791994857114,6402.208005142885,2025-12-01
BETAVAX,Midwest,41,9146.5,0.8272134903047669,10921.718750000002,1.0123864917438963,12458.791994857114,5834.208005142885,2026-01-01
BETAVAX,Midwest,42,10881.5,0.9869150863942455,11042.072916666666,0.9985236782660474,14193.791994857114,7569.208005142885,2026-02-01
BETAVAX,Midwest,43,11316.5,1.0174585237264833,11162.427083333334,0.9964070194706524,14628.791994857114,8004.208005142885,2026-03-01
BETAVAX,Midwest,44,12011.5,1.072098629493762,11282.781250000004,0.992993342170576,15323.791994857114,8699.208005142886,2026-04-01
BETAVAX,Midwest,45,10149.5,0.8843766200823564,11403.135416666672,1.0064289327543918,13461.791994857114,6837.208005142885,2026-05-01
BETAVAX,Midwest,46,14237.5,1.2556393596728408,11523.489583333338,0.9839766728722723,17549.791994857114,10925.208005142886,2026-06-01
BETAVAX,Midwest,47,11991.5,1.034645906083917,11643.843750000004,0.9953719527159893,15303.791994857114,8679.208005142886,2026-07-01
BETAVAX,Midwest,48,13465.5,1.1577289615975543,11764.197916666672,0.9886743436397504,16777.791994857114,10153.208005142886,2026-08-01
BETAVAX,Midwest,49,11505.75,0.9657418000765298,11884.552083333338,1.002469309808922,15562.462633252668,7449.037366747332,2026-09-01
BETAVAX,Northeast,25,8222.666666666668,0.9371001960258006,8885.777777777783,0.9874865940512749,9972.194703531139,6473.138629802197,2024-09-01
BETAVAX,Northeast,26,8999.666666666668,1.000377280365864,9013.500000000005,0.9980887057932781,10749.194703531139,7250.138629802197,2024-10-01
BETAVAX,Northeast,27,8553.666666666668,0.9420347660290643,9141.222222222228,0.9933015756597217,10303.194703531139,6804.138629802197,2024-11-01
BETAVAX,Northeast,28,9044.666666666668,0.9792825007659169,9268.944444444449,0.9964472039220734,10794.194703531139,7295.138629802197,2024-12-01
BETAVAX,Northeast,29,7798.666666666668,0.843381764483659,9396.666666666672,0.9840617023957,9548.194703531139,6049.138629802197,2025-01-01
BETAVAX,Northeast,30,9997.666666666668,1.0481336377428636,9524.388888888894,1.001485980403456,11747.194703531139,8248.138629802197,2025-02-01
BETAVAX,Northeast,31,10425.666666666668,1.0765902256362292,9652.111111111111,1.003300642043345,12175.194703531139,8676.138629802197,2025-03-01
BETAVAX,Northeast,32,9517.666666666668,0.9767670911564416,9779.833333333334,0.9963410360005034,11267.194703531139,7768.138629802197,2025-04-01
BETAVAX,Northeast,33,8146.666666666668,0.8356776725860815,9907.555555555557,0.9839536285440772,9896.194703531139,6397.138629802197,2025-05-01
BETAVAX,Northeast,34,11955.666666666668,1.1808119026302288,10035.27777777778,1.0089361373088286,13705.194703531139,10206.138629802197,2025-06-01
BETAVAX,Northeast,35,9586.666666666666,0.9487142668678857,10163.0,0.9942835856217367,11336.194703531137,7837.138629802195,2025-07-01
BETAVAX,Northeast,36,12809.666666666668,1.2311286957099656,10290.722222222223,1.0110869827068485,14559.194703531139,11060.138629802197,2025-08-01
BETAVAX,Northeast,37,9755.333333333336,0.9371001960258006,10418.444444444445,0.9992017927889978,12229.539610819047,7281.127055847624,2025-09-01
BETAVAX,Northeast,38,10532.333333333336,1.000377280365864,10546.166666666666,0.998311663578096,13006.539610819047,8058.127055847624,2025-10-01
BETAVAX,Northeast,39,10086.333333333336,0.9420347660290643,10673.888888888889,1.0030987937116524,12560.539610819047,7612.127055847624,2025-11-01
BETAVAX,Northeast,40,10577.333333333336,0.9792825007659169,10801.611111111113,0.9999531654493005,13051.539610819047,8103.127055847624,2025-12-01
BETAVAX,Northeast,41,9331.333333333336,0.843381764483659,10929.333333333334,1.012338666975674,11805.539610819047,6857.127055847624,2026-01-01
BETAVAX,Northeast,42,11530.333333333336,1.0481336377428636,11057.055555555557,0.9949143889679177,14004.539610819047,9056.127055847624,2026-02-01
BETAVAX,Northeast,43,11958.333333333336,1.0765902256362292,11184.777777777781,0.9930997273280286,14432.539610819047,9484.127055847624,2026-03-01
BETAVAX,Northeast,44,11050.333333333336,0.9767670911564416,11312.500000000007,1.0000593333708705,13524.539610819047,8576.127055847624,2026-04-01
BETAVAX,Northeast,45,9679.333333333336,0.8356776725860815,11440.22222222223,1.0124467408272968,12153.539610819047,7205.127055847624,2026-05-01
BETAVAX,Northeast,46,13488.333333333336,1.1808119026302288,11567.944444444453,0.9874642320625451,15962.539610819047,11014.127055847624,2026-06-01
BETAVAX,Northeast,47,11119.333333333334,0.9487142668678857,11695.666666666675,1.002116783749637,13593.539610819045,8645.127055847623,2026-07-01
BETAVAX,Northeast,48,14342.333333333336,1.2311286957099656,11823.388888888896,0.9853133866645253,16816.539610819047,11868.127055847624,2026-08-01
BETAVAX,Northeast,49,11288.000000000004,0.9371001960258006,11951.111111111119,1.0079121672167877,14318.271449115504,8257.728550884503,2026-09-01
BETAVAX,Southeast,25,8365.25,0.9949902031556207,8435.218750000002,0.9966984213357286,10459.336022294752,6271.163977705248,2024-09-01
BETAVAX,Southeast,26,8539.25,0.9991834781342214,8566.406250000002,0.9976445119189489,10633.336022294752,6445.163977705248,2024-10-01
BETAVAX,Southeast,27,7906.25,0.9179239536882272,8697.593750000002,0.9902953073259334,10000.336022294752,5812.163977705248,2024-11-01
BETAVAX,Southeast,28,8036.25,0.9189635478965136,8828.781250000002,0.9904998121902973,10130.336022294752,5942.163977705248,2024-12-01
BETAVAX,Southeast,29,7660.25,0.8676104578394731,8959.968750000002,0.9853979860962776,9754.336022294752,5566.163977705248,2025-01-01
BETAVAX,Southeast,30,8992.25,0.9920159081502192,9091.156250000004,0.9970813977447639,11086.336022294752,6898.163977705248,2025-02-01
BETAVAX,Southeast,31,9508.25,1.0309157442472152,9222.34375,1.0000831588371053,11602.336022294752,7414.163977705248,2025-03-01
BETAVAX,Southeast,32,10075.25,1.0738672396833426,9353.53125,1.0030662916201887,12169.336022294752,7981.163977705248,2025-04-01
BETAVAX,Southeast,33,8206.25,0.8766504622885545,9484.718749999998,0.9869469743394259,10300.336022294752,6112.163977705248,2025-05-01
BETAVAX,Southeast,34,11775.25,1.2113187998260821,9615.906249999998,1.010930869577253,13869.336022294752,9681.163977705248,2025-06-01
BETAVAX,Southeast,35,9581.250000000002,0.9862484895449037,9747.09375,0.9966913240935925,11675.336022294754,7487.16397770525,2025-07-01
BETAVAX,Southeast,36,11235.25,1.1303117155456268,9878.28125,1.006243584478374,13329.336022294752,9141.163977705248,2025-08-01
BETAVAX,Southeast,37,9939.5,0.9949902031556207,10009.46875,0.9980095690886265,12900.984853505166,6978.015146494834,2025-09-01
BETAVAX,Southeast,38,10113.5,0.9991834781342214,10140.656250000002,0.9981370428714197,13074.984853505166,7152.015146494834,2025-10-01
BETAVAX,Southeast,39,9480.5,0.9179239536882272,10271.84375,1.0054862474644353,12441.984853505166,6519.015146494834,2025-11-01
BETAVAX,Southeast,40,9610.5,0.9189635478965136,10403.03125,1.0052817426000715,12571.984853505166,6649.015146494834,2025-12-01
BETAVAX,Southeast,41,9234.5,0.8676104578394731,10534.218750000002,1.010383568694091,12195.984853505166,6273.015146494834,2026-01-01
BETAVAX,Southeast,42,10566.5,0.9920159081502192,10665.40625,0.9987001570456044,13527.984853505166,7605.015146494834,2026-02-01
BETAVAX,Southeast,43,11082.5,1.0309157442472152,10796.593750000002,0.9956983959532629,14043.984853505166,8121.015146494834,2026-03-01
BETAVAX,Southeast,44,11649.5,1.0738672396833426,10927.781250000005,0.9927152631701798,14610.984853505166,8688.015146494834,2026-04-01
BETAVAX,Southeast,45,9780.5,0.8766504622885545,11058.968750000005,1.0088345804509427,12741.984853505166,6819.015146494834,2026-05-01
BETAVAX,Southeast,46,13349.5,1.2113187998260821,11190.156250000005,0.9848506852131157,16310.984853505166,10388.015146494834,2026-06-01
BETAVAX,Southeast,47,11155.500000000002,0.9862484895449037,11321.343750000005,0.9990902306967758,14116.984853505168,8194.015146494836,2026-07-01
BETAVAX,Southeast,48,12809.5,1.1303117155456268,11452.531250000005,0.9895379703119943,15770.984853505166,9848.015146494834,2026-08-01
BETAVAX,Southeast,49,11513.75,0.9949902031556207,11583.718750000005,0.9989643417611981,15140.813386034324,7886.686613965676,2026-09-01
BETAVAX,Southwest,25,8548.583333333334,0.9652286777792769,8936.524305555555,0.9910493751664325,11175.493805051423,5921.672861615245,2024-09-01
BETAVAX,Southwest,26,8431.583333333334,0.9364427687427302,9080.489583333332,0.9915591620614508,11058.493805051423,5804.672861615245,2024-10-01
BETAVAX,Southwest,27,9500.583333333334,1.0299856093636013,9224.454861111111,0.9999502762801206,12127.493805051423,6873.672861615245,2024-11-01
BETAVAX,Southwest,28,8243.583333333334,0.8913675138185565,9368.420138888889,0.9871720974983434,10870.493805051423,5616.672861615245,2024-12-01
BETAVAX,Southwest,29,8110.583333333334,0.8659871681695758,9512.385416666668,0.9845804216052952,10737.493805051423,5483.672861615245,2025-01-01
BETAVAX,Southwest,30,9429.583333333334,0.9805946320802699,9656.350694444445,0.9958409054851075,12056.493805051423,6802.672861615245,2025-02-01
BETAVAX,Southwest,31,10271.583333333334,1.0469356226732038,9800.31597222222,1.001099717227122,12898.493805051423,7644.672861615245,2025-03-01
BETAVAX,Southwest,32,10322.583333333334,1.0376569316602333,9944.28125,1.0003712623149374,12949.493805051423,7695.672861615245,2025-04-01
BETAVAX,Southwest,33,8839.583333333334,0.8873525140884699,10088.246527777777,0.9874609354390054,11466.493805051423,6212.672861615245,2025-05-01
BETAVAX,Southwest,34,12350.583333333334,1.1948753516238237,10232.211805555553,1.010172046461579,14977.493805051423,9723.672861615245,2025-06-01
BETAVAX,Southwest,35,10313.583333333334,0.9967323366311951,10376.17708333333,0.997226151238953,12940.493805051423,7686.672861615245,2025-07-01
BETAVAX,Southwest,36,12377.583333333334,1.1668408733690632,10520.142361111111,1.0083298139626315,15004.493805051423,9750.672861615245,2025-08-01
BETAVAX,Southwest,37,10276.166666666668,0.9652286777792769,10664.107638888889,0.998335242815672,13991.179082910294,6561.154250423042,2025-09-01
BETAVAX,Southwest,38,10159.166666666668,0.9364427687427302,10808.072916666666,1.0037569812612266,13874.179082910294,6444.154250423042,2025-10-01
BETAVAX,Southwest,39,11228.166666666668,1.0299856093636013,10952.038194444445,0.9953658670425567,14943.179082910294,7513.154250423042,2025-11-01
BETAVAX,Southwest,40,9971.166666666668,0.8913675138185565,11096.00347222222,1.008144045824334,13686.179082910294,6256.154250423042,2025-12-01
BETAVAX,Southwest,41,9838.166666666668,0.8659871681695758,11239.96875,1.010735721717382,13553.179082910294,6123.154250423042,2026-01-01
BETAVAX,Southwest,42,11157.166666666668,0.9805946320802699,11383.934027777776,0.9994752378375698,14872.179082910294,7442.154250423042,2026-02-01
BETAVAX,Southwest,43,11999.166666666668,1.0469356226732038,11527.899305555555,0.9942164260955553,15714.179082910294,8284.154250423042,2026-03-01
BETAVAX,Southwest,44,12050.166666666668,1.0376569316602333,11671.864583333338,0.9949448810077401,15765.179082910294,8335.154250423042,2026-04-01
BETAVAX,Southwest,45,10567.166666666668,0.8873525140884699,11815.829861111117,1.007855207883672,14282.179082910294,6852.154250423042,2026-05-01
BETAVAX,Southwest,46,14078.166666666668,1.1948753516238237,11959.795138888894,0.9851440968610982,17793.179082910294,10363.154250423042,2026-06-01
BETAVAX,Southwest,47,12041.166666666668,0.9967323366311951,12103.760416666672,0.9980899920837244,15756.179082910294,8326.154250423042,2026-07-01
BETAVAX,Southwest,48,14105.166666666668,1.1668408733690632,12247.725694444449,0.9869863293600457,17820.179082910294,10390.154250423042,2026-08-01
BETAVAX,Southwest,49,12003.750000000002,0.9652286777792769,12391.690972222228,1.0035895970019117,16553.69240395046,7453.807596049546,2026-09-01
BETAVAX,West,25,10053.0,0.9719061817660382,10411.04166666667,0.9935212340527692,12945.609600116672,7160.390399883328,2024-09-01
BETAVAX,West,26,10182.0,0.9684016477013454,10560.79166666667,0.9955913109571696,13074.609600116672,7289.390399883328,2024-10-01
BETAVAX,West,27,10164.0,0.9542746236322904,10710.54166666667,0.9944428881970507,13056.609600116672,7271.390399883328,2024-11-01
BETAVAX,West,28,9524.0,0.8872129104376959,10860.29166666667,0.988439392024423,12416.609600116672,6631.390399883328,2024-12-01
BETAVAX,West,29,9958.0,0.9127167549431895,11010.04166666667,0.9909394911654981,12850.609600116672,7065.390399883328,2025-01-01
BETAVAX,West,30,11892.0,1.062885069383926,11159.79166666667,1.0025649256236187,14784.609600116672,8999.390399883328,2025-02-01
BETAVAX,West,31,11907.0,1.0510095525950474,11309.541666666668,1.0017300116111898,14799.609600116672,9014.390399883328,2025-03-01
BETAVAX,West,32,12469.0,1.0840003120967705,11459.291666666668,1.003793650645047,15361.609600116672,9576.390399883328,2025-04-01
BETAVAX,West,33,9594.0,0.8394985398897473,11609.041666666666,0.9844267334717791,12486.609600116672,6701.390399883328,2025-05-01
BETAVAX,West,34,13874.0,1.1699675674292203,11758.791666666668,1.0084750807904355,16766.60960011667,10981.390399883328,2025-06-01
BETAVAX,West,35,10783.0,0.9132476103920535,11908.541666666664,0.9914994557497687,13675.609600116672,7890.390399883328,2025-07-01
BETAVAX,West,36,14416.0,1.184879229732676,12058.291666666666,1.008985447822762,17308.60960011667,11523.390399883328,2025-08-01
BETAVAX,West,37,11850.0,0.9719061817660382,12208.041666666666,0.9987297873831905,15940.767727135611,7759.2322728643885,2025-09-01
BETAVAX,West,38,11979.0,0.9684016477013454,12357.791666666666,1.000977178007632,16069.767727135611,7888.2322728643885,2025-10-01
BETAVAX,West,39,11961.0,0.9542746236322904,12507.541666666668,1.002125600767751,16051.767727135611,7870.2322728643885,2025-11-01
BETAVAX,West,40,11321.0,0.8872129104376959,12657.291666666668,1.0081290969403789,15411.767727135611,7230.2322728643885,2025-12-01
BETAVAX,West,41,11755.0,0.9127167549431895,12807.041666666666,1.0056289977993036,15845.767727135611,7664.2322728643885,2026-01-01
BETAVAX,West,42,13689.0,1.062885069383926,12956.791666666666,0.9940035633411833,17779.76772713561,9598.232272864389,2026-02-01
BETAVAX,West,43,13704.0,1.0510095525950474,13106.541666666666,0.9948384773536115,17794.76772713561,9613.232272864389,2026-03-01
BETAVAX,West,44,14266.0,1.0840003120967705,13256.291666666668,0.9927748383197548,18356.76772713561,10175.232272864389,2026-04-01
BETAVAX,West,45,11391.0,0.8394985398897473,13406.041666666668,1.0121417554930228,15481.767727135611,7300.2322728643885,2026-05-01
BETAVAX,West,46,15671.0,1.1699675674292203,13555.791666666666,0.9880934081743664,19761.76772713561,11580.232272864389,2026-06-01
BETAVAX,West,47,12580.0,0.9132476103920535,13705.541666666666,1.005069033215033,16670.76772713561,8489.232272864389,2026-07-01
BETAVAX,West,48,16213.0,1.184879229732676,13855.291666666666,0.9875830411420398,20303.76772713561,12122.232272864389,2026-08-01
BETAVAX,West,49,13647.0,0.9719061817660382,14005.041666666666,1.0026017120112432,18657.14679386357,8636.853206136431,2026-09-01
DELTAZYME,Mid-Atlantic,25,8445.083333333334,1.0393833089464883,8096.628472222224,1.0035152799991003,9523.02594582547,7367.140720841197,2024-09-01
DELTAZYME,Mid-Atlantic,26,8320.083333333334,1.0165937957976672,8184.135416666669,1.0000170728106266,9398.02594582547,7242.140720841197,2024-10-01
DELTAZYME,Mid-Atlantic,27,7481.083333333334,0.9106390747794118,8271.642361111113,0.9931765622742434,8559.02594582547,6403.140720841197,2024-11-01
DELTAZYME,Mid-Atlantic,28,7652.083333333334,0.9209739942594471,8359.149305555558,0.9939630532852499,8730.02594582547,6574.140720841197,2024-12-01
DELTAZYME,Mid-Atlantic,29,7540.083333333334,0.8994249193458679,8446.656250000004,0.9924906168957278,8618.02594582547,6462.140720841197,2025-01-01
DELTAZYME,Mid-Atlantic,30,9370.083333333334,1.0935813391817273,8534.163194444447,1.0039946974012117,10448.02594582547,8292.140720841198,2025-02-01
DELTAZYME,Mid-Atlantic,31,9384.083333333334,1.0846185241390587,8621.67013888889,1.0035139993111164,10462.02594582547,8306.140720841198,2025-03-01
DELTAZYME,Mid-Atlantic,32,8460.083333333334,0.9738255556277752,8709.177083333334,0.9975079197488564,9538.02594582547,7382.140720841197,2025-04-01
DELTAZYME,Mid-Atlantic,33,7716.083333333334,0.8845149242783272,8796.684027777777,0.9916827334618197,8794.02594582547,6638.140720841197,2025-05-01
DELTAZYME,Mid-Atlantic,34,9196.083333333334,1.0341941919526252,8884.19097222222,1.0008820906017042,10274.02594582547,8118.140720841197,2025-06-01
DELTAZYME,Mid-Atlantic,35,9116.083333333334,1.0161770419924527,8971.697916666666,0.999917721731025,10194.02594582547,8038.140720841197,2025-07-01
DELTAZYME,Mid-Atlantic,36,10254.083333333334,1.1260733296991532,9059.204861111111,1.0051713214078595,11332.02594582547,9176.140720841198,2025-08-01
DELTAZYME,Mid-Atlantic,37,9495.166666666668,1.0393833089464883,9146.711805555558,0.998761650300868,11019.607728712934,7970.725604620403,2025-09-01
DELTAZYME,Mid-Atlantic,38,9370.166666666668,1.0165937957976672,9234.218750000002,0.9981589436364261,10894.607728712934,7845.725604620403,2025-10-01
DELTAZYME,Mid-Atlantic,39,8531.166666666668,0.9106390747794118,9321.725694444447,1.004999454172809,10055.607728712934,7006.725604620403,2025-11-01
DELTAZYME,Mid-Atlantic,40,8702.166666666668,0.9209739942594471,9409.23263888889,1.0042129631618026,10226.607728712934,7177.725604620403,2025-12-01
DELTAZYME,Mid-Atlantic,41,8590.166666666668,0.8994249193458679,9496.739583333334,1.0056853995513246,10114.607728712934,7065.725604620403,2026-01-01
DELTAZYME,Mid-Atlantic,42,10420.166666666668,1.0935813391817273,9584.246527777777,0.9941813190458411,11944.607728712934,8895.725604620402,2026-02-01
DELTAZYME,Mid-Atlantic,43,10434.166666666668,1.0846185241390587,9671.75347222222,0.9946620171359363,11958.607728712934,8909.725604620402,2026-03-01
DELTAZYME,Mid-Atlantic,44,9510.166666666668,0.9738255556277752,9759.260416666672,1.000668096698196,11034.607728712934,7985.725604620403,2026-04-01
DELTAZYME,Mid-Atlantic,45,8766.166666666668,0.8845149242783272,9846.767361111117,1.0064932829852329,10290.607728712934,7241.725604620403,2026-05-01
DELTAZYME,Mid-Atlantic,46,10246.166666666668,1.0341941919526252,9934.274305555562,0.9972939258453483,11770.607728712934,8721.725604620402,2026-06-01
DELTAZYME,Mid-Atlantic,47,10166.166666666668,1.0161770419924527,10021.781250000005,0.9982582947160275,11690.607728712934,8641.725604620402,2026-07-01
DELTAZYME,Mid-Atlantic,48,11304.166666666668,1.1260733296991532,10109.28819444445,0.9930046950391929,12828.607728712934,9779.725604620402,2026-08-01
DELTAZYME,Mid-Atlantic,49,10545.250000000002,1.0393833089464883,10196.795138888894,0.9949870943706112,12412.301372479913,8678.19862752009,2026-09-01
DELTAZYME,Mid-Central,25,15508.77742103974,1.1227170928636847,15643.697034308156,0.8830144933740268,16357.998007431434,14659.556834648047,2024-09-01
DELTAZYME,Mid-Central,26,14667.8478713418,0.9445507708983503,15777.71127452101,0.9842311043652713,15594.303219761057,13741.392522922544,2024-10-01
DELTAZYME,Mid-Central,27,15991.842079494323,1.0026523175082132,15911.725514733866,1.0023764439385576,16918.29742791358,15065.386731075067,2024-11-01
DELTAZYME,Mid-Central,28,15100.18732950967,1.0087713738182917,16045.739754946719,0.9328887188601518,16026.642677928927,14173.731981090414,2024-12-01
DELTAZYME,Mid-Central,29,14533.62400615819,0.9538398056012068,16179.753995159574,0.9417303433882047,15460.079354577447,13607.168657738934,2025-01-01
DELTAZYME,Mid-Central,30,17029.616399362316,1.0438089234944286,16313.768235372429,1.0000680942184108,17956.071747781574,16103.16105094306,2025-02-01
DELTAZYME,Mid-Central,31,17182.897592053127,1.0311675794617388,16266.121235428765,1.0244320255148485,18109.352940472385,16256.44224363387,2025-03-01
DELTAZYME,Mid-Central,32,17043.974457053442,1.0218622772352974,16498.115820999046,1.0109837135454023,17970.4298054727,16117.519108634184,2025-04-01
DELTAZYME,Mid-Central,33,15310.958896459406,0.9033467384961463,16639.660233338163,1.0185994927201247,16237.414244878664,14384.503548040148,2025-05-01
DELTAZYME,Mid-Central,34,18769.518181920488,1.072535814454277,16853.299794305494,1.038380143810992,19695.973530339747,17843.06283350123,2025-06-01
DELTAZYME,Mid-Central,35,15971.449331709653,0.909026091950903,17136.988214837096,1.0252587417678873,16897.90468012891,15044.993983290396,2025-07-01
DELTAZYME,Mid-Central,36,16282.709293941596,0.9857212142174647,17322.564382927354,0.9535871315138565,17209.164642360854,15356.253945522338,2025-08-01
DELTAZYME,Mid-Central,37,19108.881351242635,1.1227170928636847,17413.39005918134,0.9774208543032314,20036.90612370029,18180.85657878498,2025-09-01
DELTAZYME,Mid-Central,38,16635.61399482565,0.9445507708983503,17496.94410108306,1.0065870145280287,17563.936919919284,15707.291069732015,2025-10-01
DELTAZYME,Mid-Central,39,17421.141852149267,1.0026523175082132,17578.232608663977,0.9884416749547421,18349.4647772429,16492.818927055632,2025-11-01
DELTAZYME,Mid-Central,40,18798.23702007076,1.0087713738182917,17614.393134209484,1.057929400033148,19726.559945164394,17869.914094977124,2025-12-01
DELTAZYME,Mid-Central,41,17644.096408355494,0.9538398056012068,17632.429385188552,1.0490877755050951,18572.41933344913,16715.77348326186,2026-01-01
DELTAZYME,Mid-Central,42,18372.972031331214,1.0438089234944286,17766.190590909417,0.9907500246748888,19301.29495642485,17444.64910623758,2026-02-01
DELTAZYME,Mid-Central,43,18019.35819017983,1.0311675794617388,18082.53842148177,0.9663860933784513,18947.681115273466,17091.035265086197,2026-03-01
DELTAZYME,Mid-Central,44,18212.810864568022,1.0218622772352974,18189.967598352392,0.9798344053478972,19141.133789661657,17284.487939474388,2026-04-01
DELTAZYME,Mid-Central,45,16093.046670886777,0.9033467384961463,18323.981838565247,0.9722186261731751,17021.36959598041,15164.723745793142,2026-05-01
DELTAZYME,Mid-Central,46,18855.2830205854,1.072535814454277,18457.996078778102,0.9524379750823078,19783.605945679035,17926.960095491766,2026-06-01
DELTAZYME,Mid-Central,47,16318.55451654234,0.909026091950903,18592.010318990957,0.9655593771254124,17246.877441635974,15390.231591448704,2026-07-01
DELTAZYME,Mid-Central,48,19145.873046409662,0.9857212142174647,18726.02455920381,1.0372309873794434,20074.195971503297,18217.550121316028,2026-08-01
DELTAZYME,Mid-Central,49,23838.065532511035,1.1227170928636847,18860.038799416667,1.1257918306626913,25062.68941949172,22613.44164553035,2026-09-01
DELTAZYME,Midwest,25,10426.166666666668,1.0230443528129092,10150.67361111111,1.0040037550172536,11773.081437754066,9079.25189557927,2024-09-01
DELTAZYME,Midwest,26,9780.166666666668,0.9517751803170716,10324.687499999998,0.9952563673794288,11127.081437754066,8433.25189557927,2024-10-01
DELTAZYME,Midwest,27,11080.166666666668,1.0508773162637044,10498.701388888889,1.0042889678663585,12427.081437754066,9733.25189557927,2024-11-01
DELTAZYME,Midwest,28,10768.166666666668,1.0082951998789047,10672.715277777777,1.0006429628493267,12115.081437754066,9421.25189557927,2024-12-01
DELTAZYME,Midwest,29,9809.166666666668,0.9121400284439997,10846.729166666666,0.9914522496640304,11156.081437754066,8462.25189557927,2025-01-01
DELTAZYME,Midwest,30,10582.166666666668,0.963453792749996,11020.743055555557,0.9966274149814546,11929.081437754066,9235.25189557927,2025-02-01
DELTAZYME,Midwest,31,12490.166666666668,1.106711695081952,11194.756944444443,1.008135865293452,13837.081437754066,11143.25189557927,2025-03-01
DELTAZYME,Midwest,32,11888.166666666668,1.0422277970911689,11368.770833333334,1.0033182704471566,13235.081437754066,10541.25189557927,2025-04-01
DELTAZYME,Midwest,33,10668.166666666668,0.9301089981430187,11542.784722222223,0.9936772574490388,12015.081437754066,9321.25189557927,2025-05-01
DELTAZYME,Midwest,34,12508.166666666668,1.0625210433960233,11716.79861111111,1.0047248735354073,13855.081437754066,11161.25189557927,2025-06-01
DELTAZYME,Midwest,35,11514.166666666668,0.970770798797005,11890.8125,0.9974801833659507,12861.081437754066,10167.25189557927,2025-07-01
DELTAZYME,Midwest,36,11778.166666666668,0.9780737970242465,12064.82638888889,0.9981251402373472,13125.081437754066,10431.25189557927,2025-08-01
DELTAZYME,Midwest,37,12514.333333333336,1.0230443528129092,12238.84027777778,0.9994774249340793,14419.158469965787,10609.508196700885,2025-09-01
DELTAZYME,Midwest,38,11868.333333333336,0.9517751803170716,12412.85416666667,1.0045781015781563,13773.158469965787,9963.508196700885,2025-10-01
DELTAZYME,Midwest,39,13168.333333333336,1.0508773162637044,12586.868055555558,0.9955455010912267,15073.158469965787,11263.508196700885,2025-11-01
DELTAZYME,Midwest,40,12856.333333333336,1.0082951998789047,12760.881944444445,0.9991915061082588,14761.158469965787,10951.508196700885,2025-12-01
DELTAZYME,Midwest,41,11897.333333333336,0.9121400284439997,12934.895833333334,1.0083822192935548,13802.158469965787,9992.508196700885,2026-01-01
DELTAZYME,Midwest,42,12670.333333333336,0.963453792749996,13108.909722222223,1.0032070539761306,14575.158469965787,10765.508196700885,2026-02-01
DELTAZYME,Midwest,43,14578.333333333336,1.106711695081952,13282.923611111111,0.9916986036641334,16483.158469965787,12673.508196700885,2026-03-01
DELTAZYME,Midwest,44,13976.333333333336,1.0422277970911689,13456.937500000005,0.9965161985104284,15881.158469965787,12071.508196700885,2026-04-01
DELTAZYME,Midwest,45,12756.333333333336,0.9301089981430187,13630.951388888894,1.0061572115085464,14661.158469965787,10851.508196700885,2026-05-01
DELTAZYME,Midwest,46,14596.333333333336,1.0625210433960233,13804.965277777785,0.9951095954221777,16501.158469965787,12691.508196700885,2026-06-01
DELTAZYME,Midwest,47,13602.333333333336,0.970770798797005,13978.979166666673,1.0023542855916345,15507.158469965787,11697.508196700885,2026-07-01
DELTAZYME,Midwest,48,13866.333333333336,0.9780737970242465,14152.993055555562,1.001709328720238,15771.158469965787,11961.508196700885,2026-08-01
DELTAZYME,Midwest,49,14602.500000000004,1.0230443528129092,14327.006944444453,0.9962705234850453,16935.42481698838,12269.575183011626,2026-09-01
DELTAZYME,Northeast,25,9088.166666666666,0.9918670291829506,9180.715277777776,0.9980362370010369,10871.286712276577,7305.046621056756,2024-09-01
DELTAZYME,Northeast,26,8944.166666666668,0.9660283641037812,9287.812499999998,0.9968654994631119,10727.286712276578,7161.046621056757,2024-10-01
DELTAZYME,Northeast,27,9543.166666666668,1.0156504564026794,9394.90972222222,1.0001280996184025,11326.286712276578,7760.046621056757,2024-11-01
DELTAZYME,Northeast,28,9312.166666666668,0.9820033779494546,9502.006944444443,0.9979813263113282,11095.286712276578,7529.046621056757,2024-12-01
DELTAZYME,Northeast,29,7476.166666666667,0.7917608735276795,9609.104166666666,0.9826571914479052,9259.286712276578,5693.046621056756,2025-01-01
DELTAZYME,Northeast,30,10705.166666666668,1.0967247282361086,9716.201388888889,1.004614146646618,12488.286712276578,8922.046621056757,2025-02-01
DELTAZYME,Northeast,31,9889.166666666668,1.0071298965929512,9823.298611111111,0.999578398325848,11672.286712276578,8106.046621056757,2025-03-01
DELTAZYME,Northeast,32,10867.166666666668,1.089808123008346,9930.395833333334,1.0041526228180462,12650.286712276578,9084.046621056757,2025-04-01
DELTAZYME,Northeast,33,8938.166666666666,0.897417558329543,10037.493055555555,0.9922671830039952,10721.286712276577,7155.046621056756,2025-05-01
DELTAZYME,Northeast,34,11605.166666666666,1.1367986244415385,10144.590277777776,1.0063135747491998,13388.286712276577,9822.046621056756,2025-06-01
DELTAZYME,Northeast,35,9873.166666666668,0.9659129863965458,10251.687499999998,0.997064156425853,11656.286712276578,8090.046621056757,2025-07-01
DELTAZYME,Northeast,36,10995.166666666668,1.0588979818284205,10358.784722222223,1.0023949930370322,12778.286712276578,9212.046621056757,2025-08-01
DELTAZYME,Northeast,37,10373.333333333334,0.9918670291829506,10465.881944444445,0.999284262773729,12895.045885174202,7851.6207814924655,2025-09-01
DELTAZYME,Northeast,38,10229.333333333336,0.9660283641037812,10572.97916666667,1.0015210370919547,12751.045885174204,7707.620781492467,2025-10-01
DELTAZYME,Northeast,39,10828.333333333336,1.0156504564026794,10680.076388888892,0.9982584369366638,13350.045885174204,8306.620781492467,2025-11-01
DELTAZYME,Northeast,40,10597.333333333336,0.9820033779494546,10787.173611111115,1.0004052102437386,13119.045885174204,8075.620781492467,2025-12-01
DELTAZYME,Northeast,41,8761.333333333334,0.7917608735276795,10894.270833333336,1.0157293451071616,11283.045885174202,6239.6207814924655,2026-01-01
DELTAZYME,Northeast,42,11990.333333333336,1.0967247282361086,11001.368055555557,0.9937723899084491,14512.045885174204,9468.620781492467,2026-02-01
DELTAZYME,Northeast,43,11174.333333333336,1.0071298965929512,11108.46527777778,0.9988081382292189,13696.045885174204,8652.620781492467,2026-03-01
DELTAZYME,Northeast,44,12152.333333333336,1.089808123008346,11215.562500000007,0.9942339137370205,14674.045885174204,9630.620781492467,2026-04-01
DELTAZYME,Northeast,45,10223.333333333334,0.897417558329543,11322.65972222223,1.0061193535510715,12745.045885174202,7701.6207814924655,2026-05-01
DELTAZYME,Northeast,46,12890.333333333334,1.1367986244415385,11429.756944444454,0.9920729618058672,15412.045885174202,10368.620781492466,2026-06-01
DELTAZYME,Northeast,47,11158.333333333336,0.9659129863965458,11536.854166666677,1.0013223801292137,13680.045885174204,8636.620781492467,2026-07-01
DELTAZYME,Northeast,48,12280.333333333336,1.0588979818284205,11643.9513888889,0.995991543518035,14802.045885174204,9758.620781492467,2026-08-01
DELTAZYME,Northeast,49,11658.500000000002,0.9918670291829506,11751.048611111122,1.000259305057834,14746.954514990903,8570.045485009101,2026-09-01
DELTAZYME,Southeast,25,8169.0,1.0590991469708253,7667.208333333336,1.0059931273374763,9585.887458018742,6752.112541981259,2024-09-01
DELTAZYME,Southeast,26,8460.0,1.0886316652432877,7736.625000000003,1.0044720428573477,9876.887458018742,7043.112541981259,2024-10-01
DELTAZYME,Southeast,27,7189.0,0.9244890143514647,7806.041666666669,0.9961755165456696,8605.887458018742,5772.112541981259,2024-11-01
DELTAZYME,Southeast,28,7683.0,0.9764403305184832,7875.458333333336,0.9991007523671636,9099.887458018742,6266.112541981259,2024-12-01
DELTAZYME,Southeast,29,7207.0,0.9112611255086221,7944.875000000002,0.9954618246923576,8623.887458018742,5790.112541981259,2025-01-01
DELTAZYME,Southeast,30,8557.0,1.064212800899469,8014.291666666669,1.0032932944917194,9973.887458018742,7140.112541981259,2025-02-01
DELTAZYME,Southeast,31,8767.0,1.080257111274981,8083.708333333333,1.0039526656751745,10183.887458018742,7350.112541981259,2025-03-01
DELTAZYME,Southeast,32,8456.0,1.0351183420128316,8153.125,1.0019611194191962,9872.887458018742,7039.112541981259,2025-04-01
DELTAZYME,Southeast,33,6325.0,0.7796089165485431,8222.541666666668,0.9866830085253597,7741.887458018741,4908.112541981259,2025-05-01
DELTAZYME,Southeast,34,10745.0,1.2819490783919467,8291.958333333334,1.0108309579007642,12161.887458018742,9328.112541981258,2025-06-01
DELTAZYME,Southeast,35,7346.0,0.883801491068408,8361.375,0.9940734907695408,8762.887458018742,5929.112541981259,2025-07-01
DELTAZYME,Southeast,36,7684.0,0.9151309772111393,8430.791666666666,0.9959458863205565,9100.887458018742,6267.112541981259,2025-08-01
DELTAZYME,Southeast,37,9002.0,1.0590991469708253,8500.208333333334,0.9999374183904162,11005.781459486443,6998.218540513557,2025-09-01
DELTAZYME,Southeast,38,9293.0,1.0886316652432877,8569.625,0.9961234329395997,11296.781459486443,7289.218540513557,2025-10-01
DELTAZYME,Southeast,39,8022.0,0.9244890143514647,8639.041666666666,1.004419959251278,10025.781459486443,6018.218540513557,2025-11-01
DELTAZYME,Southeast,40,8516.0,0.9764403305184832,8708.458333333332,1.0014947234297844,10519.781459486443,6512.218540513557,2025-12-01
DELTAZYME,Southeast,41,8040.0,0.9112611255086221,8777.874999999998,1.00513365110459,10043.781459486443,6036.218540513557,2026-01-01
DELTAZYME,Southeast,42,9390.0,1.064212800899469,8847.291666666666,0.997302181305228,11393.781459486443,7386.218540513557,2026-02-01
DELTAZYME,Southeast,43,9600.0,1.080257111274981,8916.70833333333,0.9966428101217734,11603.781459486443,7596.218540513557,2026-03-01
DELTAZYME,Southeast,44,9289.0,1.0351183420128316,8986.125,0.9986343563777516,11292.781459486443,7285.218540513557,2026-04-01
DELTAZYME,Southeast,45,7158.0,0.7796089165485431,9055.541666666666,1.0139124672715878,9161.781459486443,5154.218540513557,2026-05-01
DELTAZYME,Southeast,46,11578.0,1.2819490783919467,9124.958333333332,0.9897645178961837,13581.781459486443,9574.218540513557,2026-06-01
DELTAZYME,Southeast,47,8179.0,0.883801491068408,9194.375,1.0065219850274072,10182.781459486443,6175.218540513557,2026-07-01
DELTAZYME,Southeast,48,8517.0,0.9151309772111393,9263.791666666666,1.0046495894763912,10520.781459486443,6513.218540513557,2026-08-01
DELTAZYME,Southeast,49,9835.0,1.0590991469708253,9333.208333333332,0.9949626679675292,12289.121065895575,7380.878934104425,2026-09-01
DELTAZYME,Southwest,25,8610.0,1.047262470059369,8172.333333333333,1.0060082419331793,9872.999737238999,7347.000262761,2024-09-01
DELTAZYME,Southwest,26,8253.0,0.9984084206499972,8263.5,1.000321442921423,9515.999737238999,6990.000262761,2024-10-01
DELTAZYME,Southwest,27,9478.0,1.1262261066987858,8354.666666666666,1.0073073128226653,10740.999737238999,8215.000262761001,2024-11-01
DELTAZYME,Southwest,28,7811.0,0.9287769517366672,8445.833333333334,0.9957554711068707,9073.999737238999,6548.000262761,2024-12-01
DELTAZYME,Southwest,29,7982.0,0.9383098099039281,8537.0,0.996460723420133,9244.999737238999,6719.000262761,2025-01-01
DELTAZYME,Southwest,30,9308.0,1.073934116668047,8628.166666666668,1.00452375123502,10570.999737238999,8045.000262761,2025-02-01
DELTAZYME,Southwest,31,8782.0,1.0063881149767062,8719.333333333332,1.000793907266904,10044.999737238999,7519.000262761,2025-03-01
DELTAZYME,Southwest,32,8982.000000000002,1.0179874279843075,8810.5,1.001451867247768,10244.999737239,7719.000262761002,2025-04-01
DELTAZYME,Southwest,33,7309.000000000002,0.8305444799910001,8901.666666666666,0.9886071295718271,8571.999737239,6046.000262761002,2025-05-01
DELTAZYME,Southwest,34,9349.0,1.0370473319730722,8992.833333333334,1.002466888274216,10611.999737238999,8086.000262761,2025-06-01
DELTAZYME,Southwest,35,8924.000000000002,0.982944129830518,9084.0,0.9994328100783249,10186.999737239,7661.000262761002,2025-07-01
DELTAZYME,Southwest,36,9297.0,1.0121706395276016,9175.166666666666,1.001094634283901,10559.999737238999,8034.000262761,2025-08-01
DELTAZYME,Southwest,37,9704.0,1.047262470059369,9266.333333333334,0.9999708237016386,11490.151357677049,7917.8486423229515,2025-09-01
DELTAZYME,Southwest,38,9347.0,0.9984084206499972,9357.5,1.0004702331868898,11133.151357677049,7560.8486423229515,2025-10-01
DELTAZYME,Southwest,39,10572.0,1.1262261066987858,9448.666666666664,0.9934843632856472,12358.151357677049,8785.848642322951,2025-11-01
DELTAZYME,Southwest,40,8905.0,0.9287769517366672,9539.833333333332,1.005036205001442,10691.151357677049,7118.8486423229515,2025-12-01
DELTAZYME,Southwest,41,9076.0,0.9383098099039281,9631.0,1.0043309526881796,10862.151357677049,7289.8486423229515,2026-01-01
DELTAZYME,Southwest,42,10402.0,1.073934116668047,9722.166666666668,0.9962679248732926,12188.151357677049,8615.848642322951,2026-02-01
DELTAZYME,Southwest,43,9876.0,1.0063881149767062,9813.333333333332,0.9999977688414088,11662.151357677049,8089.8486423229515,2026-03-01
DELTAZYME,Southwest,44,10076.000000000002,1.0179874279843075,9904.500000000004,0.9993398088605449,11862.15135767705,8289.848642322953,2026-04-01
DELTAZYME,Southwest,45,8403.000000000002,0.8305444799910001,9995.66666666667,1.0121845465364856,10189.15135767705,6616.848642322953,2026-05-01
DELTAZYME,Southwest,46,10443.0,1.0370473319730722,10086.833333333336,0.9983247878340972,12229.151357677049,8656.848642322951,2026-06-01
DELTAZYME,Southwest,47,10018.000000000002,0.982944129830518,10178.000000000004,1.001358866029988,11804.15135767705,8231.848642322953,2026-07-01
DELTAZYME,Southwest,48,10391.0,1.0121706395276016,10269.16666666667,0.9996970418244121,12177.151357677049,8604.848642322951,2026-08-01
DELTAZYME,Southwest,49,10798.0,1.047262470059369,10360.333333333336,0.9952084485276516,12985.579714844089,8610.420285155911,2026-09-01
DELTAZYME,West,25,9898.75,0.9679215082918847,10269.406250000004,0.9958521858056786,11317.94983059866,8479.55016940134,2024-09-01
DELTAZYME,West,26,10414.75,1.002583137690039,10386.13541666667,1.0001714944413975,11833.94983059866,8995.55016940134,2024-10-01
DELTAZYME,West,27,10132.75,0.9668260545091989,10502.864583333338,0.9978636813580933,11551.94983059866,8713.55016940134,2024-11-01
DELTAZYME,West,28,10332.75,0.9745550024249761,10619.593750000004,0.9983933128694654,11751.94983059866,8913.55016940134,2024-12-01
DELTAZYME,West,29,10179.75,0.9511434705135408,10736.322916666672,0.9968630905950814,11598.94983059866,8760.55016940134,2025-01-01
DELTAZYME,West,30,12383.75,1.1329680164481217,10853.052083333338,1.007123289090981,13802.94983059866,10964.55016940134,2025-02-01
DELTAZYME,West,31,12856.75,1.1622667441356755,10969.781250000002,1.008387422748481,14275.94983059866,11437.55016940134,2025-03-01
DELTAZYME,West,32,10541.75,0.9536109082000285,11086.510416666668,0.9971181762125639,11960.94983059866,9122.55016940134,2025-04-01
DELTAZYME,West,33,9471.75,0.8540285431833944,11203.239583333332,0.9899521820736961,10890.94983059866,8052.55016940134,2025-05-01
DELTAZYME,West,34,12010.75,1.0576547569186312,11319.96875,1.0031848674078767,13429.94983059866,10591.55016940134,2025-06-01
DELTAZYME,West,35,10309.75,0.9068306282002008,11436.697916666664,0.994079926680689,11728.94983059866,8890.55016940134,2025-07-01
DELTAZYME,West,36,12403.75,1.0696112294843063,11553.42708333333,1.0037284239424846,13822.94983059866,10984.55016940134,2025-08-01
DELTAZYME,West,37,11299.5,0.9679215082918847,11670.15625,1.0003279769524396,13306.551648150224,9292.448351849776,2025-09-01
DELTAZYME,West,38,11815.5,1.002583137690039,11786.885416666666,0.999844925694982,13822.551648150224,9808.448351849776,2025-10-01
DELTAZYME,West,39,11533.5,0.9668260545091989,11903.614583333336,1.0021527387782858,13540.551648150224,9526.448351849776,2025-11-01
DELTAZYME,West,40,11733.5,0.9745550024249761,12020.34375,1.0016231072669135,13740.551648150224,9726.448351849776,2025-12-01
DELTAZYME,West,41,11580.5,0.9511434705135408,12137.072916666666,1.0031533295412975,13587.551648150224,9573.448351849776,2026-01-01
DELTAZYME,West,42,13784.5,1.1329680164481217,12253.802083333332,0.9928931310453984,15791.551648150224,11777.448351849776,2026-02-01
DELTAZYME,West,43,14257.5,1.1622667441356755,12370.53125,0.991628997387898,16264.551648150224,12250.448351849776,2026-03-01
DELTAZYME,West,44,11942.5,0.9536109082000285,12487.260416666675,1.0028982439238152,13949.551648150224,9935.448351849776,2026-04-01
DELTAZYME,West,45,10872.5,0.8540285431833944,12603.989583333343,1.0100642380626828,12879.551648150224,8865.448351849776,2026-05-01
DELTAZYME,West,46,13411.5,1.0576547569186312,12720.71875000001,0.9968315527285023,15418.551648150224,11404.448351849776,2026-06-01
DELTAZYME,West,47,11710.5,0.9068306282002008,12837.447916666675,1.0059364934556903,13717.551648150224,9703.448351849776,2026-07-01
DELTAZYME,West,48,13804.5,1.0696112294843063,12954.177083333343,0.9962879961938941,15811.551648150224,11797.448351849776,2026-08-01
DELTAZYME,West,49,12700.25,0.9679215082918847,13070.90625000001,1.0038444674464504,15158.376212690022,10242.123787309978,2026-09-01
GAMMATEX,Mid-Atlantic,25,18249.166666666668,1.0357183027543435,17531.673611111113,1.00502764935502,21766.586189203874,14731.747144129462,2024-09-01
GAMMATEX,Mid-Atlantic,26,16246.166666666668,0.9194395872324869,17838.020833333336,0.9905605749372549,19763.586189203874,12728.747144129462,2024-10-01
GAMMATEX,Mid-Atlantic,27,19606.166666666668,1.0750115734046184,18144.36805555556,1.0051657995034782,23123.586189203874,16088.747144129462,2024-11-01
GAMMATEX,Mid-Atlantic,28,17478.166666666668,0.9527610209780526,18450.71527777778,0.9942570705583009,20995.586189203874,13960.747144129462,2024-12-01
GAMMATEX,Mid-Atlantic,29,17523.166666666668,0.9406860882682389,18757.062500000004,0.9931230111048249,21040.586189203874,14005.747144129462,2025-01-01
GAMMATEX,Mid-Atlantic,30,18742.166666666668,0.9856415108223242,19063.409722222226,0.9974708843770846,22259.586189203874,15224.747144129462,2025-02-01
GAMMATEX,Mid-Atlantic,31,18589.166666666664,0.9640206199991116,19369.756944444445,0.9955187100998296,22106.58618920387,15071.747144129458,2025-03-01
GAMMATEX,Mid-Atlantic,32,20833.166666666668,1.055387511811321,19676.104166666668,1.003238578666202,24350.586189203874,17315.747144129462,2025-04-01
GAMMATEX,Mid-Atlantic,33,17866.166666666668,0.9033572548593076,19982.451388888887,0.9897444592371064,21383.586189203874,14348.747144129462,2025-05-01
GAMMATEX,Mid-Atlantic,34,22716.166666666668,1.1117398292181766,20288.79861111111,1.0071068504858303,26233.586189203874,19198.747144129462,2025-06-01
GAMMATEX,Mid-Atlantic,35,18027.166666666668,0.8857702991765005,20595.145833333332,0.9881923524162987,21544.586189203874,14509.747144129462,2025-07-01
GAMMATEX,Mid-Atlantic,36,24722.166666666668,1.1704664014755186,20901.49305555555,1.0105324594131269,28239.586189203874,21204.747144129462,2025-08-01
GAMMATEX,Mid-Atlantic,37,21925.333333333336,1.0357183027543435,21207.840277777777,0.9981782668029262,26899.71572666135,16950.95094000532,2025-09-01
GAMMATEX,Mid-Atlantic,38,19922.333333333336,0.9194395872324869,21514.187500000004,1.0071451235830453,24896.71572666135,14947.950940005321,2025-10-01
GAMMATEX,Mid-Atlantic,39,23282.333333333336,1.0750115734046184,21820.534722222226,0.9925398990168223,28256.71572666135,18307.95094000532,2025-11-01
GAMMATEX,Mid-Atlantic,40,21154.333333333336,0.9527610209780526,22126.881944444445,1.0034486279619992,26128.71572666135,16179.950940005321,2025-12-01
GAMMATEX,Mid-Atlantic,41,21199.333333333336,0.9406860882682389,22433.229166666664,1.004582687415475,26173.71572666135,16224.950940005321,2026-01-01
GAMMATEX,Mid-Atlantic,42,22418.333333333336,0.9856415108223242,22739.576388888887,1.0002348141432156,27392.71572666135,17443.95094000532,2026-02-01
GAMMATEX,Mid-Atlantic,43,22265.333333333332,0.9640206199991116,23045.92361111111,1.0021869884204706,27239.715726661347,17290.950940005318,2026-03-01
GAMMATEX,Mid-Atlantic,44,24509.333333333336,1.055387511811321,23352.270833333347,0.9944671198540981,29483.71572666135,19534.95094000532,2026-04-01
GAMMATEX,Mid-Atlantic,45,21542.333333333336,0.9033572548593076,23658.61805555557,1.007961239283194,26516.71572666135,16567.95094000532,2026-05-01
GAMMATEX,Mid-Atlantic,46,26392.333333333336,1.1117398292181766,23964.965277777792,0.9905988480344702,31366.71572666135,21417.95094000532,2026-06-01
GAMMATEX,Mid-Atlantic,47,21703.333333333336,0.8857702991765005,24271.312500000015,1.0095133461040018,26677.71572666135,16728.95094000532,2026-07-01
GAMMATEX,Mid-Atlantic,48,28398.333333333336,1.1704664014755186,24577.659722222237,0.9871732391071736,33372.71572666135,23423.95094000532,2026-08-01
GAMMATEX,Mid-Atlantic,49,25601.500000000004,1.0357183027543435,24884.00694444446,0.9933526316225046,31693.849324569106,19509.1506754309,2026-09-01
GAMMATEX,Mid-Central,25,24374.53512991211,1.0070617774566262,24181.31737713472,1.00092208429131,26381.95702400532,22367.1132358189,2024-09-01
GAMMATEX,Mid-Central,26,23826.053634280197,0.9679768619376976,24725.339965309246,0.9955082583116387,26115.729547008897,21536.377721551497,2024-10-01
GAMMATEX,Mid-Central,27,25392.271058094273,1.0049349078626049,25269.362553483767,0.9999293743884278,27786.955074800964,22997.587041387582,2024-11-01
GAMMATEX,Mid-Central,28,26418.271058094273,1.0216477731037965,25813.38514165829,1.0017474322879885,28812.955074800964,24023.587041387582,2024-12-01
GAMMATEX,Mid-Central,29,22479.271058094273,0.8679603811293028,26357.407729832812,0.982606488114093,24873.955074800964,20084.587041387582,2025-01-01
GAMMATEX,Mid-Central,30,29891.271058094273,1.100913360474969,26901.430318007337,1.00928976454941,32285.955074800964,27496.587041387582,2025-02-01
GAMMATEX,Mid-Central,31,28523.271058094273,1.0360861184587025,27445.452906181843,1.0030742277325564,30917.955074800964,26128.587041387582,2025-03-01
GAMMATEX,Mid-Central,32,27814.271058094273,0.9948968608762434,27989.475494356364,0.9988375528503904,30208.955074800964,25419.587041387582,2025-04-01
GAMMATEX,Mid-Central,33,27237.271058094273,0.9593453690774133,28533.49808253089,0.9950240818961408,29631.955074800964,24842.587041387582,2025-05-01
GAMMATEX,Mid-Central,34,29640.271058094273,1.0181570144129966,29077.520670705413,1.0011751008110041,32034.955074800964,27245.587041387582,2025-06-01
GAMMATEX,Mid-Central,35,27284.271058094273,0.9287472211868635,29621.543258879934,0.991761275830993,29678.955074800964,24889.587041387582,2025-07-01
GAMMATEX,Mid-Central,36,33200.27105809427,1.0922723540227843,30165.565847054462,1.0076256437541447,35594.955074800964,30805.587041387582,2025-08-01
GAMMATEX,Mid-Central,37,30902.806188006383,1.0070617774566262,30709.588435228983,0.9992353948008513,34027.58685242993,27778.025523582837,2025-09-01
GAMMATEX,Mid-Central,38,30354.324692374466,0.9679768619376976,31253.611023403508,1.0033567954908666,33667.49950291503,27041.149881833906,2025-10-01
GAMMATEX,Mid-Central,39,31920.542116188546,1.0049349078626049,31797.63361157803,0.9989356794140769,35307.13673021323,28533.947502163865,2025-11-01
GAMMATEX,Mid-Central,40,32946.542116188546,1.0216477731037965,32341.65619975255,0.9971176215145166,36333.13673021323,29559.947502163865,2025-12-01
GAMMATEX,Mid-Central,41,29007.542116188546,0.8679603811293028,32885.67878792707,1.0162585656884122,32394.136730213228,25620.947502163865,2026-01-01
GAMMATEX,Mid-Central,42,36419.542116188546,1.100913360474969,33429.7013761016,0.9895752892530951,39806.13673021323,33032.947502163865,2026-02-01
GAMMATEX,Mid-Central,43,35051.542116188546,1.0360861184587025,33973.72396427612,0.9957908260699485,38438.13673021323,31664.947502163865,2026-03-01
GAMMATEX,Mid-Central,44,34342.542116188546,0.9948968608762434,34517.74655245066,1.0000275009521147,37729.13673021323,30955.947502163865,2026-04-01
GAMMATEX,Mid-Central,45,33765.542116188546,0.9593453690774133,35061.76914062518,1.0038409719063646,37152.13673021323,30378.947502163865,2026-05-01
GAMMATEX,Mid-Central,46,36168.542116188546,1.0181570144129966,35605.791728799704,0.9976899529915011,39555.13673021323,32781.947502163865,2026-06-01
GAMMATEX,Mid-Central,47,33812.542116188546,0.9287472211868635,36149.814316974225,1.0071037779715122,37199.13673021323,30425.947502163865,2026-07-01
GAMMATEX,Mid-Central,48,39728.542116188546,1.0922723540227843,36693.83690514875,0.9912394100483607,43115.13673021323,36341.947502163865,2026-08-01
GAMMATEX,Mid-Central,49,37431.077246100656,1.0070617774566262,37237.859493323274,0.9981401016115958,41367.92442888865,33494.230063312665,2026-09-01
GAMMATEX,Midwest,25,21614.166666666668,1.0595662598076425,20185.09027777778,1.010600897101325,22922.544005491713,20305.789327841623,2024-09-01
GAMMATEX,Midwest,26,19975.166666666668,0.9745203910715141,20554.270833333336,0.9972347555463272,21283.544005491713,18666.789327841623,2024-10-01
GAMMATEX,Midwest,27,20588.166666666668,0.9855747776177662,20923.451388888894,0.9983774663057404,21896.544005491713,19279.789327841623,2024-11-01
GAMMATEX,Midwest,28,21119.166666666668,0.992755387239128,21292.63194444445,0.999091301738394,22427.544005491713,19810.789327841623,2024-12-01
GAMMATEX,Midwest,29,19768.166666666668,0.9201887062934048,21661.812500000007,0.9917328588833407,21076.544005491713,18459.789327841623,2025-01-01
GAMMATEX,Midwest,30,22877.166666666668,1.0354023255019147,22030.993055555562,1.002903221859293,24185.544005491713,21568.789327841623,2025-02-01
GAMMATEX,Midwest,31,24694.166666666668,1.094175847215719,22400.173611111113,1.0075250823218458,26002.544005491713,23385.789327841623,2025-03-01
GAMMATEX,Midwest,32,22339.166666666668,0.9828439368668165,22769.354166666668,0.9982324717665108,23647.544005491713,21030.789327841623,2025-04-01
GAMMATEX,Midwest,33,20390.166666666668,0.8909447852894564,23138.53472222222,0.9890861764975507,21698.544005491713,19081.789327841623,2025-05-01
GAMMATEX,Midwest,34,26357.166666666668,1.1118275507428677,23507.715277777774,1.0084418705847922,27665.544005491713,25048.789327841623,2025-06-01
GAMMATEX,Midwest,35,23340.166666666668,0.9794778979082757,23876.89583333333,0.9980020828221994,24648.544005491713,22031.789327841623,2025-07-01
GAMMATEX,Midwest,36,23524.166666666668,0.9727221344454938,24246.076388888887,0.9974335682607832,24832.544005491713,22215.789327841623,2025-08-01
GAMMATEX,Midwest,37,26044.333333333336,1.0595662598076425,24615.25694444444,0.9985751430104473,27894.65831060133,24194.00835606534,2025-09-01
GAMMATEX,Midwest,38,24405.333333333336,0.9745203910715141,24984.437499999996,1.0023611754123367,26255.65831060133,22555.00835606534,2025-10-01
GAMMATEX,Midwest,39,25018.333333333336,0.9855747776177662,25353.618055555555,1.0012184646529239,26868.65831060133,23168.00835606534,2025-11-01
GAMMATEX,Midwest,40,25549.333333333336,0.992755387239128,25722.798611111106,1.0005046292202702,27399.65831060133,23699.00835606534,2025-12-01
GAMMATEX,Midwest,41,24198.333333333336,0.9201887062934048,26091.979166666664,1.0078630720753234,26048.65831060133,22348.00835606534,2026-01-01
GAMMATEX,Midwest,42,27307.333333333336,1.0354023255019147,26461.159722222223,0.9966927090993711,29157.65831060133,25457.00835606534,2026-02-01
GAMMATEX,Midwest,43,29124.333333333336,1.094175847215719,26830.340277777774,0.9920708486368182,30974.65831060133,27274.00835606534,2026-03-01
GAMMATEX,Midwest,44,26769.333333333336,0.9828439368668165,27199.52083333335,1.0013634591921536,28619.65831060133,24919.00835606534,2026-04-01
GAMMATEX,Midwest,45,24820.333333333336,0.8909447852894564,27568.701388888905,1.0105097544611132,26670.65831060133,22970.00835606534,2026-05-01
GAMMATEX,Midwest,46,30787.333333333336,1.1118275507428677,27937.88194444446,0.9911540603738724,32637.65831060133,28937.00835606534,2026-06-01
GAMMATEX,Midwest,47,27770.333333333336,0.9794778979082757,28307.06250000002,1.0015938481364648,29620.65831060133,25920.00835606534,2026-07-01
GAMMATEX,Midwest,48,27954.333333333336,0.9727221344454938,28676.243055555577,1.002162362697881,29804.65831060133,26104.00835606534,2026-08-01
GAMMATEX,Midwest,49,30474.500000000004,1.0595662598076425,29045.42361111113,0.9902178563262245,32740.676026316738,28208.32397368327,2026-09-01
GAMMATEX,Northeast,25,19359.0,0.9576412030886523,20416.458333333336,0.9901470309301771,22662.50820050801,16055.491799491987,2024-09-01
GAMMATEX,Northeast,26,19301.0,0.9355483085112001,20795.04166666667,0.9920962268977163,22604.50820050801,15997.491799491987,2024-10-01
GAMMATEX,Northeast,27,21524.0,1.0161217236634954,21173.625000000004,1.0004192273781647,24827.50820050801,18220.49179949199,2024-11-01
GAMMATEX,Northeast,28,20399.0,0.9521204079982438,21552.20833333334,0.9940889067403982,23702.50820050801,17095.49179949199,2024-12-01
GAMMATEX,Northeast,29,19364.0,0.8939128396908864,21930.79166666667,0.9877467044696148,22667.50820050801,16060.491799491987,2025-01-01
GAMMATEX,Northeast,30,24867.0,1.1060728877090047,22309.375000000007,1.0077486934905293,28170.50820050801,21563.49179949199,2025-02-01
GAMMATEX,Northeast,31,24277.0,1.0652823569886498,22687.958333333336,1.004465137427158,27580.50820050801,20973.49179949199,2025-03-01
GAMMATEX,Northeast,32,25485.0,1.097339442685137,23066.541666666668,1.0068416250563148,28788.50820050801,22181.49179949199,2025-04-01
GAMMATEX,Northeast,33,19650.0,0.8521333240729705,23445.125,0.9835636109572552,22953.50820050801,16346.491799491987,2025-05-01
GAMMATEX,Northeast,34,26728.0,1.1132803829727798,23823.708333333332,1.0077493870299439,30031.50820050801,23424.49179949199,2025-06-01
GAMMATEX,Northeast,35,22805.0,0.9477943674956336,24202.291666666664,0.9941672734796638,26108.50820050801,19501.49179949199,2025-07-01
GAMMATEX,Northeast,36,26225.0,1.0627527551233464,24580.875,1.0038895166431143,29528.50820050801,22921.49179949199,2025-08-01
GAMMATEX,Northeast,37,23902.0,0.9576412030886523,24959.45833333333,0.9999913938162469,28573.86610056917,19230.13389943083,2025-09-01
GAMMATEX,Northeast,38,23844.0,0.9355483085112001,25338.041666666668,1.0058653533227881,28515.86610056917,19172.13389943083,2025-10-01
GAMMATEX,Northeast,39,26067.0,1.0161217236634954,25716.625,0.9975423528423395,30738.86610056917,21395.13389943083,2025-11-01
GAMMATEX,Northeast,40,24942.0,0.9521204079982438,26095.20833333333,1.0038726734801062,29613.86610056917,20270.13389943083,2025-12-01
GAMMATEX,Northeast,41,23907.0,0.8939128396908864,26473.791666666664,1.0102148757508895,28578.86610056917,19235.13389943083,2026-01-01
GAMMATEX,Northeast,42,29410.0,1.1060728877090047,26852.375,0.9902128867299752,34081.86610056917,24738.13389943083,2026-02-01
GAMMATEX,Northeast,43,28820.0,1.0652823569886498,27230.958333333332,0.9934964427933468,33491.86610056917,24148.13389943083,2026-03-01
GAMMATEX,Northeast,44,30028.0,1.097339442685137,27609.541666666682,0.9911199551641897,34699.86610056917,25356.13389943083,2026-04-01
GAMMATEX,Northeast,45,24193.0,0.8521333240729705,27988.125000000015,1.0143979692632492,28864.86610056917,19521.13389943083,2026-05-01
GAMMATEX,Northeast,46,31271.0,1.1132803829727798,28366.70833333335,0.9902121931905605,35942.86610056917,26599.13389943083,2026-06-01
GAMMATEX,Northeast,47,27348.0,0.9477943674956336,28745.291666666686,1.0037943067408406,32019.86610056917,22676.13389943083,2026-07-01
GAMMATEX,Northeast,48,30768.0,1.0627527551233464,29123.87500000002,0.9940720635773902,35439.86610056917,26096.13389943083,2026-08-01
GAMMATEX,Northeast,49,28445.0,0.9576412030886523,29502.45833333335,1.0068039455843325,34166.844046500315,22723.155953499685,2026-09-01
GAMMATEX,Southeast,25,24101.113425573378,1.2137899156618148,19153.301265268856,1.0366924646702347,25983.891825661878,22218.335025484877,2024-09-01
GAMMATEX,Southeast,26,19125.004702745755,0.9816271513194088,19551.41639308023,0.9964987614068201,21736.6825414019,16513.32686408961,2024-10-01
GAMMATEX,Southeast,27,17260.935667300404,0.87951706751001,19949.531520891607,0.983755924419904,20001.419481166664,14520.451853434146,2024-11-01
GAMMATEX,Southeast,28,18614.567478107063,0.9242457939595771,20347.646648702983,0.9898087290106578,21356.11393105511,15873.021025159014,2024-12-01
GAMMATEX,Southeast,29,18572.985775579167,0.9063106031632057,20745.76177651436,0.9878142310683375,21355.298953672962,15790.672597485374,2025-01-01
GAMMATEX,Southeast,30,21997.814894427473,1.0380341969587639,21143.876904325734,1.002266605565281,24811.54752372761,19184.082265127334,2025-02-01
GAMMATEX,Southeast,31,22543.99782928812,1.0436479879489053,21542.036881326287,1.0027441308189282,25363.094208583516,19724.901449992725,2025-03-01
GAMMATEX,Southeast,32,21340.775839344933,0.9764020855018978,21939.65034335274,0.9962120804409829,24160.09572622402,18521.455952465847,2025-04-01
GAMMATEX,Southeast,33,20144.89570793891,0.9116616667091079,22337.939232733337,0.9892093760360203,22966.688508040825,17323.102907836997,2025-05-01
GAMMATEX,Southeast,34,26562.982981364483,1.155219959005684,22736.434078896953,1.0113228228398687,29386.421626411644,23739.54433631732,2025-06-01
GAMMATEX,Southeast,35,20683.602414946814,0.9043191237450442,23134.800575936675,0.9886412019297219,23507.26544872918,17859.939381164448,2025-07-01
GAMMATEX,Southeast,36,25172.831127074645,1.0652244485165814,23532.944176111225,1.0041871788727368,27996.52117730629,22349.141076843,2025-08-01
GAMMATEX,Southeast,37,28866.98289002192,1.2137899156618148,23930.935512121967,0.9937981715189407,32244.770226376244,25489.1955536676,2025-09-01
GAMMATEX,Southeast,38,23901.85832693215,0.9816271513194088,24328.888167431687,1.0008358272465447,27723.685907936797,20080.030745927503,2025-10-01
GAMMATEX,Southeast,39,22043.015388248386,0.87951706751001,24726.877206256555,1.0135786642334608,25952.496554770336,18133.534221726437,2025-11-01
GAMMATEX,Southeast,40,23396.36406508582,0.9242457939595771,25124.9199108054,1.007525859642707,27306.517676993662,19486.21045317798,2025-12-01
GAMMATEX,Southeast,41,23351.985117553762,0.9063106031632057,25522.996626717962,1.0095203575850273,27289.98157323288,19413.988661874646,2026-01-01
GAMMATEX,Southeast,42,26774.261956641934,1.0380341969587639,25921.080109505216,0.9950679830880838,30733.996397633367,22814.5275156505,2026-02-01
GAMMATEX,Southeast,43,27319.342831331636,1.0436479879489053,26319.15366445155,0.9945904578344366,31282.83128677538,23355.85437588789,2026-03-01
GAMMATEX,Southeast,44,26116.294564734584,0.9764020855018978,26717.488693684994,1.001122508212382,30079.93230477567,22152.6568246935,2026-04-01
GAMMATEX,Southeast,45,24921.11391434609,0.9116616667091079,27115.60382149637,1.0081252126173443,28886.460406141006,20955.767422551173,2026-05-01
GAMMATEX,Southeast,46,31339.78968412966,1.155219959005684,27513.718949307746,0.986011765813496,35306.28063281466,27373.29873544466,2026-06-01
GAMMATEX,Southeast,47,25460.63689408317,0.9043191237450442,27911.83407711912,1.0086933867236425,29427.285387470194,21493.988400696147,2026-07-01
GAMMATEX,Southeast,48,29949.800234832386,1.0652244485165814,28309.949204930497,0.993147409780628,33916.46702626265,25983.133443402116,2026-08-01
GAMMATEX,Southeast,49,33643.7791009762,1.2137899156618148,28708.064332741873,0.9655112467908715,38022.38466310196,29265.17353885044,2026-09-01
GAMMATEX,Southwest,25,19888.333333333336,1.0619654731050505,18552.597222222223,1.0094464313546239,23086.972271576178,16689.694395090493,2024-09-01
GAMMATEX,Southwest,26,17755.333333333336,0.9468578708318791,18865.791666666668,0.9939602168244199,20953.972271576178,14556.694395090493,2024-10-01
GAMMATEX,Southwest,27,18856.333333333336,0.9854186214110496,19178.986111111113,0.9977249606087975,22054.972271576178,15657.694395090493,2024-11-01
GAMMATEX,Southwest,28,18003.333333333336,0.9306071701056609,19492.18055555556,0.992489915398403,21201.972271576178,14804.694395090493,2024-12-01
GAMMATEX,Southwest,29,18193.333333333336,0.9259083468917245,19805.375000000004,0.9921131534527275,21391.972271576178,14994.694395090493,2025-01-01
GAMMATEX,Southwest,30,22416.333333333336,1.1061918690888566,20118.56944444445,1.0072494006355355,25614.972271576178,19217.694395090493,2025-02-01
GAMMATEX,Southwest,31,20791.333333333336,1.0171228248547777,20431.76388888889,1.0004677177710959,23989.972271576178,17592.694395090493,2025-03-01
GAMMATEX,Southwest,32,22339.333333333336,1.071901299880218,20744.958333333336,1.0046223690287202,25537.972271576178,19140.694395090493,2025-04-01
GAMMATEX,Southwest,33,16364.333333333336,0.7946768666649819,21058.15277777778,0.9778843018168097,19562.972271576178,13165.694395090493,2025-05-01
GAMMATEX,Southwest,34,24650.333333333336,1.1429575066702635,21371.347222222223,1.009161820795712,27848.972271576178,21451.694395090493,2025-06-01
GAMMATEX,Southwest,35,20618.333333333336,0.9552996965580388,21684.541666666668,0.9953221512665104,23816.972271576178,17419.694395090493,2025-07-01
GAMMATEX,Southwest,36,23425.333333333336,1.0610924539374977,21997.736111111113,1.0035859336173942,26623.972271576178,20226.694395090493,2025-08-01
GAMMATEX,Southwest,37,23646.66666666667,1.0619654731050505,22310.93055555556,0.9980259827075277,28170.225234264377,19123.108099068966,2025-09-01
GAMMATEX,Southwest,38,21513.66666666667,0.9468578708318791,22624.125000000004,1.0042870210522301,26037.225234264377,16990.108099068966,2025-10-01
GAMMATEX,Southwest,39,22614.66666666667,0.9854186214110496,22937.31944444445,1.0005222772678526,27138.225234264377,18091.108099068966,2025-11-01
GAMMATEX,Southwest,40,21761.66666666667,0.9306071701056609,23250.513888888894,1.0057573224782468,26285.225234264377,17238.108099068966,2025-12-01
GAMMATEX,Southwest,41,21951.66666666667,0.9259083468917245,23563.708333333343,1.0061340844239226,26475.225234264377,17428.108099068966,2026-01-01
GAMMATEX,Southwest,42,26174.66666666667,1.1061918690888566,23876.902777777785,0.9909978372411146,30698.225234264377,21651.108099068966,2026-02-01
GAMMATEX,Southwest,43,24549.66666666667,1.0171228248547777,24190.09722222223,0.9977795201055544,29073.225234264377,20026.108099068966,2026-03-01
GAMMATEX,Southwest,44,26097.66666666667,1.071901299880218,24503.291666666682,0.9936248688479297,30621.225234264377,21574.108099068966,2026-04-01
GAMMATEX,Southwest,45,20122.66666666667,0.7946768666649819,24816.486111111128,1.0203629360598403,24646.225234264377,15599.108099068966,2026-05-01
GAMMATEX,Southwest,46,28408.66666666667,1.1429575066702635,25129.680555555573,0.989085417080938,32932.22523426438,23885.108099068966,2026-06-01
GAMMATEX,Southwest,47,24376.66666666667,0.9552996965580388,25442.87500000002,1.0029250866101398,28900.225234264377,19853.108099068966,2026-07-01
GAMMATEX,Southwest,48,27183.66666666667,1.0610924539374977,25756.069444444463,0.9946613042592558,31707.225234264377,22660.108099068966,2026-08-01
GAMMATEX,Southwest,49,27405.000000000007,1.0619654731050505,26069.26388888891,0.9898984427528239,32945.20515610478,21864.794843895237,2026-09-01
GAMMATEX,West,25,23861.166666666668,1.0014814872010178,23846.25694444446,0.9991450231487878,28001.58349668923,19720.749836644107,2024-09-01
GAMMATEX,West,26,22889.166666666668,0.9478366388964998,24312.770833333347,0.9932579102882519,27029.58349668923,18748.749836644107,2024-10-01
GAMMATEX,West,27,24566.166666666668,0.9931462879440389,24779.284722222237,0.9982410023403443,28706.58349668923,20425.749836644107,2024-11-01
GAMMATEX,West,28,24689.166666666668,0.9808950725539756,25245.798611111124,0.9969990972479743,28829.58349668923,20548.749836644107,2024-12-01
GAMMATEX,West,29,25081.166666666668,0.9785884080524045,25712.312500000015,0.9967965573570743,29221.58349668923,20940.749836644107,2025-01-01
GAMMATEX,West,30,26985.166666666668,1.0290770835609724,26178.8263888889,1.0016754381794766,31125.58349668923,22844.749836644107,2025-02-01
GAMMATEX,West,31,27230.166666666668,1.0210244128942305,26645.34027777778,1.000905100598798,31370.58349668923,23089.749836644107,2025-03-01
GAMMATEX,West,32,26233.166666666668,0.971297119447238,27111.85416666667,0.9961836233191458,30373.58349668923,22092.749836644107,2025-04-01
GAMMATEX,West,33,24628.166666666668,0.9029179673441053,27578.368055555562,0.9890431180837904,28768.58349668923,20487.749836644107,2025-05-01
GAMMATEX,West,34,32205.166666666668,1.1370944756935872,28044.88194444445,1.0098930542072022,36345.58349668923,28064.749836644107,2025-06-01
GAMMATEX,West,35,28945.166666666668,1.0149408593625577,28511.395833333336,1.0002690664392866,33085.58349668923,24804.749836644107,2025-07-01
GAMMATEX,West,36,29631.166666666668,1.0217001870493725,28977.909722222226,1.0008251798965966,33771.58349668923,25490.749836644107,2025-08-01
GAMMATEX,West,37,29459.333333333336,1.0014814872010178,29444.423611111113,0.9990263235709576,35314.76696822906,23603.899698437614,2025-09-01
GAMMATEX,West,38,28487.333333333336,0.9478366388964998,29910.9375,1.004820020373505,34342.76696822906,22631.899698437614,2025-10-01
GAMMATEX,West,39,30164.333333333336,0.9931462879440389,30377.451388888887,0.9998369283214125,36019.76696822906,24308.899698437614,2025-11-01
GAMMATEX,West,40,30287.333333333336,0.9808950725539756,30843.965277777777,1.0010788334137826,36142.76696822906,24431.899698437614,2025-12-01
GAMMATEX,West,41,30679.333333333336,0.9785884080524045,31310.479166666664,1.0012813733046826,36534.76696822906,24823.899698437614,2026-01-01
GAMMATEX,West,42,32583.333333333336,1.0290770835609724,31776.99305555555,0.9964024924822801,38438.76696822906,26727.899698437614,2026-02-01
GAMMATEX,West,43,32828.333333333336,1.0210244128942305,32243.50694444444,0.9971728300629588,38683.76696822906,26972.899698437614,2026-03-01
GAMMATEX,West,44,31831.333333333336,0.971297119447238,32710.020833333336,1.0018943073426112,37686.76696822906,25975.899698437614,2026-04-01
GAMMATEX,West,45,30226.333333333336,0.9029179673441053,33176.534722222226,1.0090348125779665,36081.76696822906,24370.899698437614,2026-05-01
GAMMATEX,West,46,37803.333333333336,1.1370944756935872,33643.04861111112,0.9881848764545549,43658.76696822906,31947.899698437614,2026-06-01
GAMMATEX,West,47,34543.333333333336,1.0149408593625577,34109.5625,0.9978088642224705,40398.76696822906,28687.899698437614,2026-07-01
GAMMATEX,West,48,35229.333333333336,1.0217001870493725,34576.07638888889,0.9972527507651602,41084.76696822906,29373.899698437614,2026-08-01
GAMMATEX,West,49,35057.5,1.0014814872010178,35042.59027777778,0.99894554927289,42228.91231411235,27886.087685887655,2026-09-01
ZETAPHIN,Mid-Atlantic,25,19152.0,0.9351157652944001,20731.375,0.9879174274171342,23546.0104974993,14757.989502500699,2024-09-01
ZETAPHIN,Mid-Atlantic,26,20315.0,0.9703270342945807,21017.791666666668,0.9961198908857035,24709.0104974993,15920.989502500699,2024-10-01
ZETAPHIN,Mid-Atlantic,27,21668.0,1.0173737848633146,21304.208333333336,0.9997073468118178,26062.0104974993,17273.9895025007,2024-11-01
ZETAPHIN,Mid-Atlantic,28,19697.0,0.9196576632380621,21590.625000000004,0.9919931574547852,24091.0104974993,15302.989502500699,2024-12-01
ZETAPHIN,Mid-Atlantic,29,19875.0,0.9160352471482215,21877.04166666667,0.9917594757555834,24269.0104974993,15480.989502500699,2025-01-01
ZETAPHIN,Mid-Atlantic,30,22041.0,0.9962987461246591,22163.45833333334,0.9981692419797168,26435.0104974993,17646.9895025007,2025-02-01
ZETAPHIN,Mid-Atlantic,31,23151.0,1.0306606390647997,22449.874999999996,1.0005530890123013,27545.0104974993,18756.9895025007,2025-03-01
ZETAPHIN,Mid-Atlantic,32,23594.0,1.0367593776544948,22736.291666666668,1.0009306101438222,27988.0104974993,19199.9895025007,2025-04-01
ZETAPHIN,Mid-Atlantic,33,19380.0,0.8532983126799825,23022.708333333336,0.9864986022665977,23774.0104974993,14985.989502500699,2025-05-01
ZETAPHIN,Mid-Atlantic,34,28971.0,1.2290892778396327,23309.125,1.0112396396377161,33365.0104974993,24576.9895025007,2025-06-01
ZETAPHIN,Mid-Atlantic,35,23113.0,0.9822821707802908,23595.54166666666,0.9972179939588456,27507.0104974993,18718.9895025007,2025-07-01
ZETAPHIN,Mid-Atlantic,36,26723.0,1.1131019810175609,23881.95833333333,1.0052644388651346,31117.0104974993,22328.9895025007,2025-08-01
ZETAPHIN,Mid-Atlantic,37,22589.0,0.9351157652944001,24168.375,0.999503169445611,28803.069238773263,16374.930761226738,2025-09-01
ZETAPHIN,Mid-Atlantic,38,23752.0,0.9703270342945807,24454.79166666667,1.0009631416275935,29966.069238773263,17537.930761226737,2025-10-01
ZETAPHIN,Mid-Atlantic,39,25105.0,1.0173737848633146,24741.208333333336,0.9973756857014786,31319.069238773263,18890.930761226737,2025-11-01
ZETAPHIN,Mid-Atlantic,40,23134.0,0.9196576632380621,25027.625,1.005089875058511,29348.069238773263,16919.930761226737,2025-12-01
ZETAPHIN,Mid-Atlantic,41,23312.0,0.9160352471482215,25314.041666666668,1.0053235567577132,29526.069238773263,17097.930761226737,2026-01-01
ZETAPHIN,Mid-Atlantic,42,25478.0,0.9962987461246591,25600.458333333336,0.99891379053358,31692.069238773263,19263.930761226737,2026-02-01
ZETAPHIN,Mid-Atlantic,43,26588.0,1.0306606390647997,25886.875,0.9965299435009952,32802.06923877326,20373.930761226737,2026-03-01
ZETAPHIN,Mid-Atlantic,44,27031.0,1.0367593776544948,26173.291666666686,0.9961524223694747,33245.06923877326,20816.930761226737,2026-04-01
ZETAPHIN,Mid-Atlantic,45,22817.0,0.8532983126799825,26459.70833333335,1.0105844302466989,29031.069238773263,16602.930761226737,2026-05-01
ZETAPHIN,Mid-Atlantic,46,32408.0,1.2290892778396327,26746.12500000002,0.9858433928755805,38622.06923877326,26193.930761226737,2026-06-01
ZETAPHIN,Mid-Atlantic,47,26550.0,0.9822821707802908,27032.541666666686,0.9998650385544511,32764.069238773263,20335.930761226737,2026-07-01
ZETAPHIN,Mid-Atlantic,48,30160.0,1.1131019810175609,27318.958333333354,0.9918185936481624,36374.06923877326,23945.930761226737,2026-08-01
ZETAPHIN,Mid-Atlantic,49,26026.0,0.9351157652944001,27605.375000000022,1.0082039519072001,33636.64943065979,18415.35056934021,2026-09-01
ZETAPHIN,Mid-Central,25,27672.500000000004,1.0297765762578983,26752.604166666675,1.0044754422027415,33436.084696304046,21908.91530369596,2024-09-01
ZETAPHIN,Mid-Central,26,28240.500000000004,1.0369107659967325,27162.145833333343,1.0026905488129538,34004.084696304046,22476.91530369596,2024-10-01
ZETAPHIN,Mid-Central,27,27883.500000000004,1.0106988071745058,27571.687500000007,1.000603887402207,33647.084696304046,22119.91530369596,2024-11-01
ZETAPHIN,Mid-Central,28,26794.500000000004,0.9609894733422656,27981.229166666675,0.9964608456670156,32558.084696304046,21030.91530369596,2024-12-01
ZETAPHIN,Mid-Central,29,26456.500000000004,0.9371235904606393,28390.770833333343,0.9943936330421581,32220.084696304046,20692.91530369596,2025-01-01
ZETAPHIN,Mid-Central,30,29822.500000000004,1.033155961561037,28800.31250000001,1.0022612992987021,35586.084696304046,24058.91530369596,2025-02-01
ZETAPHIN,Mid-Central,31,27540.500000000004,0.9471946229820585,29209.85416666667,0.9954127699867187,33304.084696304046,21776.91530369596,2025-03-01
ZETAPHIN,Mid-Central,32,29581.500000000004,0.99905386170799,29619.395833333332,0.9996663963800095,35345.084696304046,23817.91530369596,2025-04-01
ZETAPHIN,Mid-Central,33,29976.500000000004,0.9986187093858271,30028.9375,0.9996345535463034,35740.084696304046,24212.91530369596,2025-05-01
ZETAPHIN,Mid-Central,34,31385.500000000004,1.0291996615450685,30438.479166666668,1.0018586853930969,37149.084696304046,25621.91530369596,2025-06-01
ZETAPHIN,Mid-Central,35,27759.500000000004,0.9069786768407447,30848.020833333336,0.9921726632547743,33523.084696304046,21995.91530369596,2025-07-01
ZETAPHIN,Mid-Central,36,34947.5,1.1102992927452318,31257.562500000004,1.0069802253706321,40711.084696304046,29183.915303695954,2025-08-01
ZETAPHIN,Mid-Central,37,32587.000000000007,1.0297765762578983,31667.10416666667,0.9992934045078696,40737.9396453992,24436.060354600813,2025-09-01
ZETAPHIN,Mid-Central,38,33155.00000000001,1.0369107659967325,32076.645833333336,0.9968244908378847,41305.9396453992,25004.060354600813,2025-10-01
ZETAPHIN,Mid-Central,39,32798.00000000001,1.0106988071745058,32486.187500000004,0.998911152248631,40948.9396453992,24647.060354600813,2025-11-01
ZETAPHIN,Mid-Central,40,31709.000000000007,0.9609894733422656,32895.72916666667,1.0030541939838231,39859.9396453992,23558.060354600813,2025-12-01
ZETAPHIN,Mid-Central,41,31371.000000000007,0.9371235904606393,33305.270833333336,1.0051214066086802,39521.9396453992,23220.060354600813,2026-01-01
ZETAPHIN,Mid-Central,42,34737.00000000001,1.033155961561037,33714.8125,0.9972537403521363,42887.9396453992,26586.060354600813,2026-02-01
ZETAPHIN,Mid-Central,43,32455.000000000007,0.9471946229820585,34124.354166666664,1.0041022696641198,40605.9396453992,24304.060354600813,2026-03-01
ZETAPHIN,Mid-Central,44,34496.00000000001,0.99905386170799,34533.89583333334,0.9998486432708289,42646.9396453992,26345.060354600813,2026-04-01
ZETAPHIN,Mid-Central,45,34891.00000000001,0.9986187093858271,34943.437500000015,0.9998804861045351,43041.9396453992,26740.060354600813,2026-05-01
ZETAPHIN,Mid-Central,46,36300.00000000001,1.0291996615450685,35352.97916666668,0.9976563542577416,44450.9396453992,28149.060354600813,2026-06-01
ZETAPHIN,Mid-Central,47,32674.000000000007,0.9069786768407447,35762.52083333334,1.0073423763960643,40824.9396453992,24523.060354600813,2026-07-01
ZETAPHIN,Mid-Central,48,39862.0,1.1102992927452318,36172.062500000015,0.9925348142802064,48012.939645399194,31711.060354600806,2026-08-01
ZETAPHIN,Mid-Central,49,37501.50000000001,1.0297765762578983,36581.60416666668,0.9955037127656473,47484.32152772505,27518.678472274965,2026-09-01
ZETAPHIN,Midwest,25,25411.93692533712,1.0101242520745666,25144.78543015552,1.0004952624918984,30357.51814834483,20466.35570232941,2024-09-01
ZETAPHIN,Midwest,26,24350.452406641674,0.9581858129407412,25534.32313070899,0.9952517458085207,30060.57842982635,18640.326383457,2024-10-01
ZETAPHIN,Midwest,27,26661.452406641674,1.0273109458893097,25923.860831262467,1.001110940366847,32371.57842982635,20951.326383457,2024-11-01
ZETAPHIN,Midwest,28,25697.452406641674,0.9793412789383226,26313.39853181594,0.9971926451854402,31407.57842982635,19987.326383457,2024-12-01
ZETAPHIN,Midwest,29,23429.452406641674,0.8874339438690357,26702.936232369415,0.9887058037847021,29139.57842982635,17719.326383457,2025-01-01
ZETAPHIN,Midwest,30,27299.452406641674,1.00809032797014,27092.473932922887,0.9995529921834058,33009.57842982635,21589.326383457,2025-02-01
ZETAPHIN,Midwest,31,27244.452406641674,0.9929816435240525,27482.011633476362,0.9983626935899644,32954.578429826346,21534.326383457,2025-03-01
ZETAPHIN,Midwest,32,26945.452406641674,0.9701334109385058,27871.549334029838,0.9965358039506143,32655.57842982635,21235.326383457,2025-04-01
ZETAPHIN,Midwest,33,26208.452406641674,0.9334607801021391,28261.087034583306,0.9934738468232955,31918.57842982635,20498.326383457,2025-05-01
ZETAPHIN,Midwest,34,35191.45240664167,1.2135038673193081,28650.62473513678,1.0121897385525531,40901.578429826346,29481.326383456995,2025-06-01
ZETAPHIN,Midwest,35,30065.452406641674,1.0338970229477544,29040.162435690254,1.0013627160277963,35775.578429826346,24355.326383457,2025-07-01
ZETAPHIN,Midwest,36,28941.452406641674,0.9855367134861238,29429.700136243726,0.9978417653872644,34651.57842982635,23231.326383457,2025-08-01
ZETAPHIN,Midwest,37,30086.389331978793,1.0101242520745666,29819.237836797194,0.9988464583096375,37640.481787993434,22532.296875964155,2025-09-01
ZETAPHIN,Midwest,38,29024.90481328335,0.9581858129407412,30208.77553735067,1.0027390902900737,37100.24247813066,20949.567148436035,2025-10-01
ZETAPHIN,Midwest,39,31335.90481328335,1.0273109458893097,30598.31323790414,0.9968798957317473,39411.24247813066,23260.567148436035,2025-11-01
ZETAPHIN,Midwest,40,30371.90481328335,0.9793412789383226,30987.850938457617,1.000798190913154,38447.24247813066,22296.567148436035,2025-12-01
ZETAPHIN,Midwest,41,28103.90481328335,0.8874339438690357,31377.388639011093,1.0092850323138922,36179.24247813066,20028.567148436035,2026-01-01
ZETAPHIN,Midwest,42,31973.90481328335,1.00809032797014,31766.92633956456,0.9984378439151884,40049.24247813066,23898.567148436035,2026-02-01
ZETAPHIN,Midwest,43,31918.90481328335,0.9929816435240525,32156.46404011803,0.9996281425086299,39994.24247813066,23843.567148436035,2026-03-01
ZETAPHIN,Midwest,44,31619.90481328335,0.9701334109385058,32546.001740671516,1.0014550321479803,39695.24247813066,23544.567148436035,2026-04-01
ZETAPHIN,Midwest,45,30882.90481328335,0.9334607801021391,32935.53944122499,1.0045169892752988,38958.24247813066,22807.567148436035,2026-05-01
ZETAPHIN,Midwest,46,39865.90481328334,1.2135038673193081,33325.07714177846,0.9858010975460413,47941.242478130654,31790.56714843603,2026-06-01
ZETAPHIN,Midwest,47,34739.90481328335,1.0338970229477544,33714.61484233194,0.996628120070798,42815.24247813066,26664.567148436035,2026-07-01
ZETAPHIN,Midwest,48,33615.90481328335,0.9855367134861238,34104.15254288541,1.0001490707113299,41691.24247813066,25540.567148436035,2026-08-01
ZETAPHIN,Midwest,49,34760.84173862047,1.0101242520745666,34493.69024343888,0.9976445333463553,44230.25840675099,25291.425070489946,2026-09-01
ZETAPHIN,Northeast,25,25770.972309492994,1.0649685426692281,23943.78151743299,1.0106511712689552,29853.981650708167,21687.96296827782,2024-09-01
ZETAPHIN,Northeast,26,26559.891981764187,1.0838970594946864,24338.77251591334,1.0067916263524719,30756.25641365222,22363.527549876155,2024-10-01
ZETAPHIN,Northeast,27,23199.891981764187,0.9430376368635024,24733.763514393693,0.9946418602053918,27396.25641365222,19003.527549876155,2024-11-01
ZETAPHIN,Northeast,28,24323.891981764187,0.9705801404177549,25128.754512874042,0.9973112125175524,28520.25641365222,20127.527549876155,2024-12-01
ZETAPHIN,Northeast,29,22832.891981764187,0.902893894848739,25523.74551135439,0.9907858599245029,27029.25641365222,18636.527549876155,2025-01-01
ZETAPHIN,Northeast,30,27127.891981764187,1.0431189387175175,25918.736509834744,1.0033868161073602,31324.25641365222,22931.527549876155,2025-02-01
ZETAPHIN,Northeast,31,26417.891981764187,1.0037270632377209,26313.727508315093,1.0002306373251795,30614.25641365222,22221.527549876155,2025-03-01
ZETAPHIN,Northeast,32,27685.891981764187,1.0339019258798756,26708.71850679544,1.0025963631567618,31882.25641365222,23489.527549876155,2025-04-01
ZETAPHIN,Northeast,33,23783.891981764187,0.8866925991403731,27103.70950527579,0.9896488087452394,27980.25641365222,19587.527549876155,2025-05-01
ZETAPHIN,Northeast,34,29705.891981764187,1.0744403687463377,27498.70050375614,1.0054213640920997,33902.25641365222,25509.527549876155,2025-06-01
ZETAPHIN,Northeast,35,25707.891981764187,0.9273943161472638,27893.69150223649,0.9937932513218082,29904.25641365222,21511.527549876155,2025-07-01
ZETAPHIN,Northeast,36,30277.891981764187,1.0653475138369977,28288.682500716837,1.0046657966887031,34474.25641365222,26081.527549876155,2025-08-01
ZETAPHIN,Northeast,37,30510.86429125718,1.0649685426692281,28683.67349919719,0.9988101802546078,36365.814310315014,24655.91427219935,2025-09-01
ZETAPHIN,Northeast,38,31299.783963528374,1.0838970594946864,29078.66449767754,0.9930676741603965,37234.3394557645,25365.22847129225,2025-10-01
ZETAPHIN,Northeast,39,27939.783963528374,0.9430376368635024,29473.65549615789,1.0052174403074767,33874.3394557645,22005.22847129225,2025-11-01
ZETAPHIN,Northeast,40,29063.783963528374,0.9705801404177549,29868.64649463824,1.0025480879953164,34998.3394557645,23129.22847129225,2025-12-01
ZETAPHIN,Northeast,41,27572.783963528374,0.902893894848739,30263.63749311859,1.0090734405883657,33507.3394557645,21638.22847129225,2026-01-01
ZETAPHIN,Northeast,42,31867.783963528374,1.0431189387175175,30658.62849159893,0.9964724844055088,37802.3394557645,25933.22847129225,2026-02-01
ZETAPHIN,Northeast,43,31157.783963528374,1.0037270632377209,31053.619490079283,0.999628663187689,37092.3394557645,25223.22847129225,2026-03-01
ZETAPHIN,Northeast,44,32425.783963528374,1.0339019258798756,31448.610488559647,0.9972629373561067,38360.3394557645,26491.22847129225,2026-04-01
ZETAPHIN,Northeast,45,28523.783963528374,0.8866925991403731,31843.601487039996,1.0102104917676293,34458.3394557645,22589.22847129225,2026-05-01
ZETAPHIN,Northeast,46,34445.783963528374,1.0744403687463377,32238.59248552035,0.9944379364207688,40380.3394557645,28511.22847129225,2026-06-01
ZETAPHIN,Northeast,47,30447.783963528374,0.9273943161472638,32633.583484000697,1.0060660491910605,36382.3394557645,24513.22847129225,2026-07-01
ZETAPHIN,Northeast,48,35017.783963528374,1.0653475138369977,33028.574482481046,0.9951935038241654,40952.3394557645,29083.22847129225,2026-08-01
ZETAPHIN,Northeast,49,35250.75627302137,1.0649685426692281,33423.5654809614,0.9903275992457405,42454.221700916496,28047.29084512624,2026-09-01
ZETAPHIN,Southeast,25,23920.166666666668,1.0416780971962367,22784.548611111088,1.0078368639498094,27060.632768482872,20779.700564850464,2024-09-01
ZETAPHIN,Southeast,26,24432.166666666668,1.0470570404847963,23234.312499999978,1.0042961889306468,27572.632768482872,21291.700564850464,2024-10-01
ZETAPHIN,Southeast,27,21931.166666666664,0.9331773815815371,23684.07638888887,0.9922956291864505,25071.63276848287,18790.70056485046,2024-11-01
ZETAPHIN,Southeast,28,22768.166666666668,0.9489105803586944,24133.84027777776,0.9942059058675814,25908.632768482872,19627.700564850464,2024-12-01
ZETAPHIN,Southeast,29,24242.166666666668,0.9877017144663415,24583.604166666653,0.9983896509630811,27382.632768482872,21101.700564850464,2025-01-01
ZETAPHIN,Southeast,30,25139.166666666668,1.004197603968797,25033.368055555544,1.0000285795687334,28279.632768482872,21998.700564850464,2025-02-01
ZETAPHIN,Southeast,31,25602.166666666668,1.0046091475456236,25483.13194444444,1.0000616863643534,28742.632768482872,22461.700564850464,2025-03-01
ZETAPHIN,Southeast,32,27920.166666666668,1.0703996216536726,25932.895833333332,1.0058217993760763,31060.632768482872,24779.700564850464,2025-04-01
ZETAPHIN,Southeast,33,23429.166666666668,0.8978672607241753,26382.65972222222,0.9890679514199752,26569.632768482872,20288.700564850464,2025-05-01
ZETAPHIN,Southeast,34,29621.166666666668,1.0956072176141765,26832.423611111102,1.0075981779330847,32761.632768482872,26480.700564850464,2025-06-01
ZETAPHIN,Southeast,35,24539.166666666668,0.9080729710431314,27282.187499999993,0.9905122978277022,27679.632768482872,21398.700564850464,2025-07-01
ZETAPHIN,Southeast,36,29554.166666666668,1.06072136336282,27731.951388888883,1.0047013182096869,32694.632768482872,26413.700564850464,2025-08-01
ZETAPHIN,Southeast,37,29317.333333333336,1.0416780971962367,28181.715277777777,0.9986734620716127,33758.62308669477,24876.043579971898,2025-09-01
ZETAPHIN,Southeast,38,29829.333333333336,1.0470570404847963,28631.479166666664,0.9950145253213775,34270.62308669477,25388.043579971898,2025-10-01
ZETAPHIN,Southeast,39,27328.333333333332,0.9331773815815371,29081.24305555556,1.0070150850655737,31769.623086694774,22887.04357997189,2025-11-01
ZETAPHIN,Southeast,40,28165.333333333336,0.9489105803586944,29531.00694444445,1.005104808384443,32606.623086694774,23724.043579971898,2025-12-01
ZETAPHIN,Southeast,41,29639.333333333336,0.9877017144663415,29980.770833333336,1.0009210632889431,34080.62308669477,25198.043579971898,2026-01-01
ZETAPHIN,Southeast,42,30536.333333333336,1.004197603968797,30430.534722222226,0.999282134683291,34977.62308669477,26095.043579971898,2026-02-01
ZETAPHIN,Southeast,43,30999.333333333336,1.0046091475456236,30880.298611111113,0.9992490278876709,35440.62308669477,26558.043579971898,2026-03-01
ZETAPHIN,Southeast,44,33317.333333333336,1.0703996216536726,31330.062500000015,0.9934889148759477,37758.62308669477,28876.043579971898,2026-04-01
ZETAPHIN,Southeast,45,28826.333333333336,0.8978672607241753,31779.82638888891,1.0102427628320492,33267.62308669477,24385.043579971898,2026-05-01
ZETAPHIN,Southeast,46,35018.333333333336,1.0956072176141765,32229.5902777778,0.9917125363189395,39459.62308669477,30577.043579971898,2026-06-01
ZETAPHIN,Southeast,47,29936.333333333336,0.9080729710431314,32679.35416666669,1.0087984164243218,34377.62308669477,25495.043579971898,2026-07-01
ZETAPHIN,Southeast,48,34951.333333333336,1.06072136336282,33129.11805555558,0.994609396042337,39392.62308669477,30510.043579971898,2026-08-01
ZETAPHIN,Southeast,49,34714.5,1.0416780971962367,33578.881944444474,0.9924557453566143,40153.94684779344,29275.05315220656,2026-09-01
ZETAPHIN,Southwest,25,23970.166666666668,1.0708858212047971,22171.96527777779,1.0095403818242814,29366.405559240095,18573.92777409324,2024-09-01
ZETAPHIN,Southwest,26,20703.166666666668,0.9269035867506249,22517.72916666668,0.9919222321620359,26099.405559240095,15306.927774093241,2024-10-01
ZETAPHIN,Southwest,27,23216.166666666668,1.0155752671180656,22863.493055555566,0.9998522196434543,28612.405559240095,17819.92777409324,2024-11-01
ZETAPHIN,Southwest,28,20745.166666666668,0.9030691817165344,23209.256944444456,0.9897708748390107,26141.405559240095,15348.927774093241,2024-12-01
ZETAPHIN,Southwest,29,21539.166666666668,0.9220397233685491,23555.020833333343,0.9917353010728855,26935.405559240095,16142.927774093241,2025-01-01
ZETAPHIN,Southwest,30,25530.166666666668,1.0645297430940963,23900.784722222234,1.0034221639465155,30926.405559240095,20133.92777409324,2025-02-01
ZETAPHIN,Southwest,31,24684.166666666668,1.0180680616958884,24246.548611111113,0.9999809565493237,30080.405559240095,19287.92777409324,2025-03-01
ZETAPHIN,Southwest,32,25407.166666666668,1.0320992916255187,24592.312500000004,1.0010030197995994,30803.405559240095,20010.92777409324,2025-04-01
ZETAPHIN,Southwest,33,19596.166666666668,0.8021250818665245,24938.07638888889,0.9796390240336524,24992.405559240095,14199.927774093241,2025-05-01
ZETAPHIN,Southwest,34,28831.166666666668,1.131898720389674,25283.840277777777,1.0074224148857327,34227.40555924009,23434.92777409324,2025-06-01
ZETAPHIN,Southwest,35,26664.166666666668,1.0389191878390316,25629.604166666668,1.001392533867407,32060.405559240095,21267.92777409324,2025-07-01
ZETAPHIN,Southwest,36,27997.166666666668,1.0738863333306932,25975.36805555556,1.0036771968481641,33393.40555924009,22600.92777409324,2025-08-01
ZETAPHIN,Southwest,37,28119.333333333336,1.0708858212047971,26321.131944444445,0.9976019498670717,35750.76756101585,20487.899105650824,2025-09-01
ZETAPHIN,Southwest,38,24852.333333333336,0.9269035867506249,26666.895833333336,1.0054492229155942,32483.767561015848,17220.899105650824,2025-10-01
ZETAPHIN,Southwest,39,27365.333333333336,1.0155752671180656,27012.659722222226,0.9975192354341759,34996.76756101585,19733.899105650824,2025-11-01
ZETAPHIN,Southwest,40,24894.333333333336,0.9030691817165344,27358.42361111111,1.0076005802386192,32525.767561015848,17262.899105650824,2025-12-01
ZETAPHIN,Southwest,41,25688.333333333336,0.9220397233685491,27704.1875,1.0056361540047445,33319.76756101585,18056.899105650824,2026-01-01
ZETAPHIN,Southwest,42,29679.333333333336,1.0645297430940963,28049.951388888887,0.993949291131115,37310.76756101585,22047.899105650824,2026-02-01
ZETAPHIN,Southwest,43,28833.333333333336,1.0180680616958884,28395.715277777774,0.9973904985283061,36464.76756101585,21201.899105650824,2026-03-01
ZETAPHIN,Southwest,44,29556.333333333336,1.0320992916255187,28741.479166666682,0.9963684352780305,37187.76756101585,21924.899105650824,2026-04-01
ZETAPHIN,Southwest,45,23745.333333333336,0.8021250818665245,29087.24305555557,1.0177324310439775,31376.767561015848,16113.899105650826,2026-05-01
ZETAPHIN,Southwest,46,32980.333333333336,1.131898720389674,29433.00694444446,0.9899490401918974,40611.76756101585,25348.899105650824,2026-06-01
ZETAPHIN,Southwest,47,30813.333333333336,1.0389191878390316,29778.77083333335,0.9959789212102229,38444.76756101585,23181.899105650824,2026-07-01
ZETAPHIN,Southwest,48,32146.333333333336,1.0738863333306932,30124.53472222224,0.993694258229466,39777.76756101585,24514.899105650824,2026-08-01
ZETAPHIN,Southwest,49,32268.500000000004,1.0708858212047971,30470.298611111128,0.9889148509250919,41615.05993171639,22921.940068283617,2026-09-01
ZETAPHIN,West,25,31581.333333333336,1.0599239165081915,29413.80555555557,1.0129885875740152,34999.84141260935,28162.825254057327,2024-09-01
ZETAPHIN,West,26,31910.333333333336,1.0561102565387983,30018.083333333347,1.0065587339142976,35328.84141260935,28491.825254057327,2024-10-01
ZETAPHIN,West,27,30274.333333333336,0.9889789906015876,30622.361111111124,0.9996520226915047,33692.84141260935,26855.825254057327,2024-11-01
ZETAPHIN,West,28,32055.333333333336,1.0232678180821229,31226.6388888889,1.0031958816227462,35473.84141260935,28636.825254057327,2024-12-01
ZETAPHIN,West,29,29629.333333333336,0.9365470927276084,31830.91666666668,0.9939009694471338,33047.84141260935,26210.825254057327,2025-01-01
ZETAPHIN,West,30,35302.333333333336,1.0795083405633399,32435.19444444446,1.0082329892230286,38720.84141260935,31883.825254057327,2025-02-01
ZETAPHIN,West,31,33575.333333333336,1.013996660075043,33039.472222222226,1.0021914822029934,36993.84141260935,30156.825254057327,2025-03-01
ZETAPHIN,West,32,32785.333333333336,0.9760131038237498,33643.75,0.9984344509507397,36203.84141260935,29366.825254057327,2025-04-01
ZETAPHIN,West,33,27265.333333333336,0.8133151151815718,34248.02777777778,0.9788505763569813,30683.841412609345,23846.825254057327,2025-05-01
ZETAPHIN,West,34,37391.333333333336,1.0657760422920577,34852.30555555556,1.006638381963695,40809.84141260935,33972.82525405732,2025-06-01
ZETAPHIN,West,35,33533.333333333336,0.9496482183410073,35456.583333333336,0.9959031004242525,36951.84141260935,30114.825254057327,2025-07-01
ZETAPHIN,West,36,37544.333333333336,1.036914445264924,36060.86111111112,1.0040732088499156,40962.84141260935,34125.82525405732,2025-08-01
ZETAPHIN,West,37,38832.66666666667,1.0599239165081915,36665.13888888889,0.9992385685860591,43667.167155460804,33998.16617787254,2025-09-01
ZETAPHIN,West,38,39161.66666666667,1.0561102565387983,37269.41666666667,0.9949455429156328,43996.167155460804,34327.16617787254,2025-10-01
ZETAPHIN,West,39,37525.66666666667,0.9889789906015876,37873.69444444445,1.001852254138426,42360.167155460804,32691.16617787254,2025-11-01
ZETAPHIN,West,40,39306.66666666667,1.0232678180821229,38477.972222222226,0.9983083952071847,44141.167155460804,34472.16617787254,2025-12-01
ZETAPHIN,West,41,36880.66666666667,0.9365470927276084,39082.25,1.0076033073827968,41715.167155460804,32046.16617787254,2026-01-01
ZETAPHIN,West,42,42553.66666666667,1.0795083405633399,39686.52777777778,0.9932712876069023,47388.167155460804,37719.16617787254,2026-02-01
ZETAPHIN,West,43,40826.66666666667,1.013996660075043,40290.805555555555,0.9993127946269372,45661.167155460804,35992.16617787254,2026-03-01
ZETAPHIN,West,44,40036.66666666667,0.9760131038237498,40895.08333333334,1.0030698258791908,44871.167155460804,35202.16617787254,2026-04-01
ZETAPHIN,West,45,34516.66666666667,0.8133151151815718,41499.361111111124,1.0226537004729495,39351.167155460804,29682.16617787254,2026-05-01
ZETAPHIN,West,46,44642.66666666667,1.0657760422920577,42103.638888888905,0.9948658948662358,49477.167155460804,39808.16617787254,2026-06-01
ZETAPHIN,West,47,40784.66666666667,0.9496482183410073,42707.91666666668,1.0056011764056783,45619.167155460804,35950.16617787254,2026-07-01
ZETAPHIN,West,48,44795.66666666667,1.036914445264924,43312.19444444445,0.9974310679800147,49630.167155460804,39961.16617787254,2026-08-01
ZETAPHIN,West,49,46084.00000000001,1.0599239165081915,43916.47222222223,0.9900292590848213,52005.029679390755,40162.97032060926,2026-09-01
