Brand,Region,Month,Forecasted_TRx,Seasonal,Trend,Residual,DATE
BETAVAX,Mid-Atlantic,24,5337.743273956039,0.9911198127212723,5490.539465387348,0.9808814163857243,2024-08-01
BETAVAX,Mid-Atlantic,25,5541.205353819699,1.0050707051671557,5490.640197275861,1.004117752039471,2024-09-01
BETAVAX,Mid-Atlantic,26,5476.142280616782,0.9991340246844268,5490.740929164374,0.9982056457508828,2024-10-01
BETAVAX,Mid-Atlantic,27,5496.948140349686,1.0010203064328884,5490.841661052888,1.0000917207976392,2024-11-01
BETAVAX,Mid-Atlantic,28,5490.294845663233,1.000405008838626,5490.9423929414015,0.9994772727900599,2024-12-01
BETAVAX,Mid-Atlantic,29,5492.422435234299,1.000589651677916,5491.043124829915,0.9996617405603822,2025-01-01
BETAVAX,Mid-Atlantic,30,5491.742074962248,1.0007507108140767,5488.596236855358,0.999822581335289,2025-02-01
BETAVAX,Mid-Atlantic,31,5491.9596404674,1.0003226178173208,5492.965616102613,0.9994944064044571,2025-03-01
BETAVAX,Mid-Atlantic,32,5491.8900674029865,1.0004343596475613,5491.568376666127,0.9996243825333561,2025-04-01
BETAVAX,Mid-Atlantic,33,5491.912315467028,1.0003865139016306,5492.015185682328,0.999594911801897,2025-05-01
BETAVAX,Mid-Atlantic,34,5491.905200984465,1.0003897074978165,5491.872305162537,0.9996164318917495,2025-06-01
BETAVAX,Mid-Atlantic,35,5491.9074760526255,1.0003765807993097,5491.917995473599,0.999621646244806,2025-07-01
BETAVAX,Mid-Atlantic,36,5491.906748531673,0.9911198127212723,5491.90338463282,1.0089603695581615,2025-08-01
BETAVAX,Mid-Atlantic,37,5491.906981178214,1.0050707051671557,5491.90805688528,0.9949546822801952,2025-09-01
BETAVAX,Mid-Atlantic,38,5491.906906782538,0.9991340246844268,5491.906562793093,1.0008667885687834,2025-10-01
BETAVAX,Mid-Atlantic,39,5491.906930572775,1.0010203064328884,5491.907040573668,0.9989807135220271,2025-11-01
BETAVAX,Mid-Atlantic,40,5491.906922965137,1.000405008838626,5491.906887789069,0.9995951615296064,2025-12-01
BETAVAX,Mid-Atlantic,41,5491.906925397907,1.000589651677916,5491.906936646505,0.9994106937592843,2026-01-01
BETAVAX,Mid-Atlantic,42,5491.906924619956,1.0007507108140767,5491.906921022881,0.9992498529843774,2026-02-01
BETAVAX,Mid-Atlantic,43,5491.906924868728,1.0003226178173208,5492.4533712691,0.9995780279152091,2026-03-01
BETAVAX,Mid-Atlantic,44,5491.906924789176,1.0004343596475613,5492.554103157613,0.9994480517863102,2026-04-01
BETAVAX,Mid-Atlantic,45,5491.906924814615,1.0003865139016306,5492.654835046127,0.9994775225177693,2026-05-01
BETAVAX,Mid-Atlantic,46,5491.906924806481,1.0003897074978165,5492.75556693464,0.9994560024279171,2026-06-01
BETAVAX,Mid-Atlantic,47,5491.906924809082,1.0003765807993097,5492.856298823153,0.9994507880748601,2026-07-01
BETAVAX,Mid-Atlantic,48,5491.90692480825,0.9911198127212723,5492.957030711666,1.0087668655356137,2026-08-01
BETAVAX,Mid-Central,24,6917.249009309624,0.9999809752900914,6917.668906765606,0.9999583246465786,2024-08-01
BETAVAX,Mid-Central,25,6917.673728452567,1.0000018593926145,6917.669617767022,0.999998734839554,2024-09-01
BETAVAX,Mid-Central,26,6917.6785711679495,1.0000021580278344,6917.670328768438,0.9999990334735741,2024-10-01
BETAVAX,Mid-Central,27,6917.678626385363,1.0000021106285097,6917.6710397698525,0.9999989860744515,2024-11-01
BETAVAX,Mid-Central,28,6917.6786270149605,1.0000020592836545,6917.671750771268,0.9999989347298106,2024-12-01
BETAVAX,Mid-Central,29,6917.678627022139,1.0000020078938223,6917.672461772684,0.9999988833401874,2025-01-01
BETAVAX,Mid-Central,30,6917.678627022221,1.0000028859682122,6917.660313361854,0.9999997614102801,2025-02-01
BETAVAX,Mid-Central,31,6917.678627022222,1.0000013035229183,6917.678418206947,0.9999987266644863,2025-03-01
BETAVAX,Mid-Central,32,6917.678627022222,1.0000012372119211,6917.678624641278,0.9999987631337918,2025-04-01
BETAVAX,Mid-Central,33,6917.678627022222,1.0000011856516098,6917.678626995074,0.9999988143537203,2025-05-01
BETAVAX,Mid-Central,34,6917.678627022222,1.0000011342594983,6917.678627021913,0.9999988657418329,2025-06-01
BETAVAX,Mid-Central,35,6917.678627022222,1.0000010828693153,6917.678627022219,0.9999989171318577,2025-07-01
BETAVAX,Mid-Central,36,6917.678627022222,0.9999809752900914,6917.678627022223,1.0000190250718548,2025-08-01
BETAVAX,Mid-Central,37,6917.678627022222,1.0000018593926145,6917.678627022223,0.9999981406108427,2025-09-01
BETAVAX,Mid-Central,38,6917.678627022222,1.0000021580278344,6917.678627022223,0.9999978419768225,2025-10-01
BETAVAX,Mid-Central,39,6917.678627022222,1.0000021106285097,6917.678627022223,0.9999978893759448,2025-11-01
BETAVAX,Mid-Central,40,6917.678627022222,1.0000020592836545,6917.678627022223,0.999997940720586,2025-12-01
BETAVAX,Mid-Central,41,6917.678627022222,1.0000020078938223,6917.678627022223,0.9999979921102092,2026-01-01
BETAVAX,Mid-Central,42,6917.678627022222,1.0000028859682122,6917.678627022223,0.9999971140401165,2026-02-01
BETAVAX,Mid-Central,43,6917.678627022222,1.0000013035229183,6917.682415792501,0.9999981487859103,2026-03-01
BETAVAX,Mid-Central,44,6917.678627022222,1.0000012372119211,6917.683126793917,0.9999981123166051,2026-04-01
BETAVAX,Mid-Central,45,6917.678627022222,1.0000011856516098,6917.683837795333,0.9999980610966762,2026-05-01
BETAVAX,Mid-Central,46,6917.678627022222,1.0000011342594983,6917.6845487967485,0.9999980097085638,2026-06-01
BETAVAX,Mid-Central,47,6917.678627022222,1.0000010828693153,6917.685259798163,0.999997958318539,2026-07-01
BETAVAX,Mid-Central,48,6917.678627022222,0.9999809752900914,6917.685970799579,1.0000179634571613,2026-08-01
BETAVAX,Midwest,24,6042.271945181679,0.9908640657920998,6220.094699041763,0.9803681469669027,2024-08-01
BETAVAX,Midwest,25,6284.863071169839,1.0056569212355762,6220.2009714576825,1.004711923864785,2024-09-01
BETAVAX,Midwest,26,6199.166187235524,0.9987569021000894,6220.307243873602,0.9978416991001021,2024-10-01
BETAVAX,Midwest,27,6229.43916563132,1.0011827693836735,6220.413516289521,1.0002678863314387,2024-11-01
BETAVAX,Midwest,28,6218.745040257348,1.00031426366653,6220.51978870544,0.9994006192067989,2024-12-01
BETAVAX,Midwest,29,6222.522809197655,1.0006094970269808,6220.626061121359,0.9996956012334343,2025-01-01
BETAVAX,Midwest,30,6221.188287891117,1.000716128917061,6217.966935759267,0.9998020844244804,2025-02-01
BETAVAX,Midwest,31,6221.659716172133,1.0003190911247906,6222.797679643097,0.9994981989216727,2025-03-01
BETAVAX,Midwest,32,6221.493181083444,1.000434348676619,6221.091188128856,0.9996304296021383,2025-04-01
BETAVAX,Midwest,33,6221.552010680398,1.0003820650540365,6221.694017291032,0.9995952651524427,2025-05-01
BETAVAX,Midwest,34,6221.531228744861,1.0003889736190945,6221.481063991389,0.9996192376403811,2025-06-01
BETAVAX,Midwest,35,6221.538570097973,1.0003749734034493,6221.556291121519,0.9996223198900646,2025-07-01
BETAVAX,Midwest,36,6221.535976717514,0.9908640657920998,6221.529716651356,1.009221184537197,2025-08-01
BETAVAX,Midwest,37,6221.536892845931,1.0056569212355762,6221.53910425478,0.9943745460702024,2025-09-01
BETAVAX,Midwest,38,6221.536569217644,0.9987569021000894,6221.535788023168,1.0012447708348857,2025-10-01
BETAVAX,Midwest,39,6221.536683541429,1.0011827693836735,6221.536959503428,0.9988185836035491,2025-11-01
BETAVAX,Midwest,40,6221.536643155812,1.00031426366653,6221.536545670451,0.9996858507281888,2025-12-01
BETAVAX,Midwest,41,6221.536657422293,1.0006094970269808,6221.5366918596255,0.9993908687015535,2026-01-01
BETAVAX,Midwest,42,6221.536652382566,1.000716128917061,6221.536640217354,0.9992843855105072,2026-02-01
BETAVAX,Midwest,43,6221.536654162883,1.0003190911247906,6222.113874944227,0.999588271013315,2026-03-01
BETAVAX,Midwest,44,6221.5366535339745,1.000434348676619,6222.220147360146,0.9994560403328496,2026-04-01
BETAVAX,Midwest,45,6221.53665375614,1.0003820650540365,6222.326419776065,0.9994912047825453,2026-05-01
BETAVAX,Midwest,46,6221.536653677658,1.0003889736190945,6222.432692191985,0.9994672322946067,2026-06-01
BETAVAX,Midwest,47,6221.536653705382,1.0003749734034493,6222.538964607904,0.9994641500449232,2026-07-01
BETAVAX,Midwest,48,6221.536653695589,0.9908640657920998,6222.645237023823,1.0090403733983817,2026-08-01
BETAVAX,Northeast,24,5409.196099829487,0.9660272378149324,6045.159226967184,0.9262657590171399,2024-08-01
BETAVAX,Northeast,25,6413.2668268295465,1.0317723854206025,6045.3478461997565,1.0281917483809708,2024-09-01
BETAVAX,Northeast,26,5838.426033785119,0.984112424807877,6045.536465432329,0.9813325911622323,2024-10-01
BETAVAX,Northeast,27,6167.528285710373,1.0113728203752415,6045.725084664902,1.0086755109195564,2024-11-01
BETAVAX,Northeast,28,5979.113869870712,0.9957418817104535,6045.913703897475,0.9931803218517684,2024-12-01
BETAVAX,Northeast,29,6086.983056084192,1.0046659079655464,6046.102323130048,1.002085861596891,2025-01-01
BETAVAX,Northeast,30,6025.226840231471,1.0000117552917436,6040.4870912823335,0.9974619466467003,2025-02-01
BETAVAX,Northeast,31,6060.582907430309,1.0019167186413473,6051.846257132433,0.9995278202750819,2025-03-01
BETAVAX,Northeast,32,6040.341196203217,1.000762072562317,6045.343018137402,0.9984117534913333,2025-04-01
BETAVAX,Northeast,33,6051.929783562121,1.0013988750388119,6049.06618918575,0.999075812236816,2025-05-01
BETAVAX,Northeast,34,6045.29519839942,1.001009855404099,6046.934635560572,0.9987203181723487,2025-06-01
BETAVAX,Northeast,35,6049.09356647638,1.0012080649670283,6048.154971880877,0.9989483923721904,2025-07-01
BETAVAX,Northeast,36,6046.918961780794,0.9660272378149324,6047.456316816766,1.0350755180448277,2025-08-01
BETAVAX,Northeast,37,6048.163945280616,1.0317723854206025,6047.856304009221,0.9692553144008058,2025-09-01
BETAVAX,Northeast,38,6047.451179453349,0.984112424807877,6047.627307237644,1.0161144716195443,2025-10-01
BETAVAX,Northeast,39,6047.859245202487,1.0113728203752415,6047.7584102388955,0.9887715518622202,2025-11-01
BETAVAX,Northeast,40,6047.6256233743225,0.9957418817104535,6047.683352425552,1.0042667409300086,2025-12-01
BETAVAX,Northeast,41,6047.759374267923,1.0046659079655464,6047.726323793788,0.9953612011848854,2026-01-01
BETAVAX,Northeast,42,6047.682800509043,1.0000117552917436,6047.701722244583,0.9999851161350763,2026-02-01
BETAVAX,Northeast,43,6047.726639771654,1.0019167186413473,6048.742992386069,0.9979192425066947,2026-03-01
BETAVAX,Northeast,44,6047.701541344015,1.000762072562317,6048.931611618642,0.9990353092904432,2026-04-01
BETAVAX,Northeast,45,6047.71591045135,1.0013988750388119,6049.120230851215,0.998371250544961,2026-05-01
BETAVAX,Northeast,46,6047.707683989973,1.001009855404099,6049.308850083788,0.9987267446094278,2026-06-01
BETAVAX,Northeast,47,6047.712393723516,1.0012080649670283,6049.49746931636,0.9984986704095864,2026-07-01
BETAVAX,Northeast,48,6047.7096973527405,0.9660272378149324,6049.686088548933,1.0348293171106975,2026-08-01
BETAVAX,Southeast,24,5470.268447512344,0.9903965006854389,5639.816020238488,0.9793425080771286,2024-08-01
BETAVAX,Southeast,25,5700.063052834752,1.005820418906938,5639.9201056401525,1.0048153479302884,2024-09-01
BETAVAX,Southeast,26,5620.9810318660675,0.998797110800061,5640.024191041818,0.9978238393395814,2024-10-01
BETAVAX,Southeast,27,5648.196492523714,1.001201671462832,5640.128276443483,1.0002285561183868,2024-11-01
BETAVAX,Southeast,28,5638.8305040255045,1.0003617649646017,5640.232361845147,0.9993899096335462,2024-12-01
BETAVAX,Southeast,29,5642.053735910207,1.0006383963843744,5640.336447246813,0.9996662823028407,2025-01-01
BETAVAX,Southeast,30,5640.944485799068,1.0007692979971583,5637.752753421237,0.9997969937467871,2025-02-01
BETAVAX,Southeast,31,5641.326225572399,1.0003385988605962,5642.424635373952,0.9994669118200756,2025-03-01
BETAVAX,Southeast,32,5641.19485280707,1.0004602760538335,5640.816843641725,0.9996069180684733,2025-04-01
BETAVAX,Southeast,33,5641.240063719519,1.0004059901272064,5641.370152625211,0.9995711241853604,2025-05-01
BETAVAX,Southeast,34,5641.224504736655,1.000412268416563,5641.179735654486,0.9995958343286828,2025-06-01
BETAVAX,Southeast,35,5641.2298592392435,1.0003977053403983,5641.245266169662,0.9995997227297678,2025-07-01
BETAVAX,Southeast,36,5641.228016528945,0.9903965006854389,5641.2227143540185,1.0096975698178332,2025-08-01
BETAVAX,Southeast,37,5641.228650683321,1.005820418906938,5641.230475385464,0.9942129407439911,2025-09-01
BETAVAX,Southeast,38,5641.228432444039,0.998797110800061,5641.227804487029,1.001204449334698,2025-10-01
BETAVAX,Southeast,39,5641.2285075493855,1.001201671462832,5641.228723655891,0.9987997325558928,2025-11-01
BETAVAX,Southeast,40,5641.228481702466,1.0003617649646017,5641.2284073310975,0.9996383790407332,2025-12-01
BETAVAX,Southeast,41,5641.228490597481,1.0006383963843744,5641.228516191807,0.9993620063714386,2026-01-01
BETAVAX,Southeast,42,5641.228487536331,1.0007692979971583,5641.228478728242,0.9992312949274922,2026-02-01
BETAVAX,Southeast,43,5641.2284885898025,1.0003385988605962,5641.793642870121,0.9995613768542038,2026-03-01
BETAVAX,Southeast,44,5641.228488227259,1.0004602760538335,5641.897728271787,0.9994213706058059,2026-04-01
BETAVAX,Southeast,45,5641.228488352025,1.0004059901272064,5642.001813673452,0.9994571644889187,2026-05-01
BETAVAX,Southeast,46,5641.228488309088,1.000412268416563,5642.105899075116,0.9994324543455966,2026-06-01
BETAVAX,Southeast,47,5641.228488323864,1.0003977053403983,5642.209984476782,0.9994285659445113,2026-07-01
BETAVAX,Southeast,48,5641.228488318779,0.9903965006854389,5642.314069878446,1.009502355116457,2026-08-01
BETAVAX,Southwest,24,5887.12276110896,0.9977828377707417,5928.901432509119,0.995159818184283,2024-08-01
BETAVAX,Southwest,25,5931.887272065675,1.0004133644629098,5928.960554793353,1.0000802331261105,2024-09-01
BETAVAX,Southwest,26,5929.596823357998,1.0002151874007532,5929.019677077587,0.999882180567615,2024-10-01
BETAVAX,Southwest,27,5929.71401787594,1.000220084969921,5929.078799361821,0.9998870760057157,2024-11-01
BETAVAX,Southwest,28,5929.708021428611,1.0002145921048202,5929.1379216460555,0.9998815855274584,2024-12-01
BETAVAX,Southwest,29,5929.708328246551,1.0002096309823625,5929.1970439302895,0.9998766265089535,2025-01-01
BETAVAX,Southwest,30,5929.708312547714,1.0003016204893802,5928.1066566107875,0.9999685690044219,2025-02-01
BETAVAX,Southwest,31,5929.7083133509705,1.000132910870018,5929.790264671166,0.9998532883565701,2025-03-01
BETAVAX,Southwest,32,5929.70831330987,1.0001351902804365,5929.704120137837,0.9998655350448433,2025-04-01
BETAVAX,Southwest,33,5929.708313311974,1.0001298331443507,5929.708527862413,0.9998701475325126,2025-05-01
BETAVAX,Southwest,34,5929.708313311866,1.0001248668541385,5929.708302334046,0.9998751505867405,2025-06-01
BETAVAX,Southwest,35,5929.708313311871,1.0001198806701668,5929.70831387357,0.9998801336047709,2025-07-01
BETAVAX,Southwest,36,5929.708313311871,0.9977828377707417,5929.708313283131,1.0022220889658302,2025-08-01
BETAVAX,Southwest,37,5929.708313311871,1.0004133644629098,5929.708313313342,0.9995868063364189,2025-09-01
BETAVAX,Southwest,38,5929.708313311871,1.0002151874007532,5929.708313311797,0.9997848588949146,2025-10-01
BETAVAX,Southwest,39,5929.708313311871,1.000220084969921,5929.708313311876,0.9997799634568143,2025-11-01
BETAVAX,Southwest,40,5929.708313311871,1.0002145921048202,5929.708313311871,0.9997854539350713,2025-12-01
BETAVAX,Southwest,41,5929.708313311871,1.0002096309823625,5929.708313311871,0.999790412953576,2026-01-01
BETAVAX,Southwest,42,5929.708313311871,1.0003016204893802,5929.708313311871,0.9996984704581079,2026-02-01
BETAVAX,Southwest,43,5929.708313311871,1.000132910870018,5930.024755909567,0.9998137511059597,2026-03-01
BETAVAX,Southwest,44,5929.708313311871,1.0001351902804365,5930.083878193801,0.9998015044176864,2026-04-01
BETAVAX,Southwest,45,5929.708313311871,1.0001298331443507,5930.143000478035,0.9997968919300172,2026-05-01
BETAVAX,Southwest,46,5929.708313311871,1.0001248668541385,5930.202122762269,0.9997918888757894,2026-06-01
BETAVAX,Southwest,47,5929.708313311871,1.0001198806701668,5930.261245046503,0.9997869058577591,2026-07-01
BETAVAX,Southwest,48,5929.708313311871,0.9977828377707417,5930.320367330737,1.0021186520436816,2026-08-01
BETAVAX,West,24,6832.092894417774,0.9889954585256379,7076.706490174481,0.976176350638098,2024-08-01
BETAVAX,West,25,7145.113503499264,1.0054395014639212,7076.894595813039,1.0041774423869945,2024-09-01
BETAVAX,West,26,7061.718057813205,0.9995305550248055,7077.082701451597,0.9982976038141972,2024-10-01
BETAVAX,West,27,7083.936404335449,1.0010879383684244,7077.270807090155,0.9998540520079794,2024-11-01
BETAVAX,West,28,7078.016957318631,1.0006561840911024,7077.458912728714,0.9994230426559029,2024-12-01
BETAVAX,West,29,7079.594025753937,1.0007543658143876,7077.647018367272,0.999521087928613,2025-01-01
BETAVAX,West,30,7079.173860687408,1.0010324391803485,7073.296687388182,0.999798664597829,2025-02-01
BETAVAX,West,31,7079.285801728886,1.0004341490964728,7080.851607533497,0.9993450028565862,2025-03-01
BETAVAX,West,32,7079.255978219591,1.0005609775667337,7078.83881376094,0.9994982351110886,2025-04-01
BETAVAX,West,33,7079.263923846101,1.0005103502846815,7079.375065460882,0.9994742186940241,2025-05-01
BETAVAX,West,34,7079.26180695972,1.0005070091721955,7079.2321964349485,0.999497428367346,2025-06-01
BETAVAX,West,35,7079.262370943938,1.000491071411289,7079.270259826773,0.9995080558045951,2025-07-01
BETAVAX,West,36,7079.262220686371,0.9889954585256379,7079.26011891773,1.0111272890795386,2025-08-01
BETAVAX,West,37,7079.262260718229,1.0054395014639212,7079.262820674754,0.9945898479678373,2025-09-01
BETAVAX,West,38,7079.262250052878,0.9995305550248055,7079.2621008683755,1.0004696865406346,2025-10-01
BETAVAX,West,39,7079.2622528943575,1.0010879383684244,7079.262292640329,0.9989132383468526,2025-11-01
BETAVAX,West,40,7079.262252137326,1.0006561840911024,7079.262241548141,0.9993442476989287,2025-12-01
BETAVAX,West,41,7079.2622523390155,1.0007543658143876,7079.262255160203,0.9992462024262188,2026-01-01
BETAVAX,West,42,7079.262252285282,1.0010324391803485,7079.262251533654,0.9989686257570026,2026-02-01
BETAVAX,West,43,7079.262252299597,1.0004341490964728,7080.280497307086,0.9994222874982456,2026-03-01
BETAVAX,West,44,7079.262252295784,1.0005609775667337,7080.468602945644,0.9992690552437433,2026-04-01
BETAVAX,West,45,7079.2622522967995,1.0005103502846815,7080.6567085842025,0.9992930716608074,2026-05-01
BETAVAX,West,46,7079.2622522965285,1.0005070091721955,7080.84481422276,0.9992698619874859,2026-06-01
BETAVAX,West,47,7079.262252296601,1.000491071411289,7081.032919861318,0.9992592345502368,2026-07-01
BETAVAX,West,48,7079.262252296582,0.9889954585256379,7081.221025499876,1.0108472958146106,2026-08-01
DELTAZYME,Mid-Atlantic,24,5841.56594609549,0.9999126536109081,5843.236918684168,0.9998013620975311,2024-08-01
DELTAZYME,Mid-Atlantic,25,5842.629859306263,0.9999610995844505,5843.247394776459,0.9999332142090274,2024-09-01
DELTAZYME,Mid-Atlantic,26,5843.0709875599105,0.9999979322018723,5843.257870868751,0.9999700850113976,2024-10-01
DELTAZYME,Mid-Atlantic,27,5843.253891704905,1.0000126792512019,5843.268346961041,0.9999848471103091,2024-11-01
DELTAZYME,Mid-Atlantic,28,5843.329728892798,1.0000182690229384,5843.278823053332,0.9999904430137836,2024-12-01
DELTAZYME,Mid-Atlantic,29,5843.361173117682,1.000020061939269,5843.289299145624,0.9999922384754878,2025-01-01
DELTAZYME,Mid-Atlantic,30,5843.374210775143,1.0000287808003288,5843.200440874452,1.0000009579945905,2025-02-01
DELTAZYME,Mid-Atlantic,31,5843.379616553555,1.0000155821388916,5843.307566679514,0.9999967482355232,2025-03-01
DELTAZYME,Mid-Atlantic,32,5843.381857940885,1.000011076760225,5843.351984042536,0.9999940357649948,2025-04-01
DELTAZYME,Mid-Atlantic,33,5843.38278728293,1.0000086839951088,5843.370400726888,0.9999934358241537,2025-05-01
DELTAZYME,Mid-Atlantic,34,5843.383172614203,1.0000071671673736,5843.378036800699,0.999993711789426,2025-06-01
DELTAZYME,Mid-Atlantic,35,5843.383332383356,1.0000060135274327,5843.381202931048,0.9999943509277925,2025-07-01
DELTAZYME,Mid-Atlantic,36,5843.383398628128,0.9999126536109081,5843.382515697483,1.0000875051315872,2025-08-01
DELTAZYME,Mid-Atlantic,37,5843.383426095067,0.9999610995844505,5843.3830600072615,1.0000389645812633,2025-09-01
DELTAZYME,Mid-Atlantic,38,5843.3834374836315,0.9999979322018723,5843.3832856933595,1.0000020937788932,2025-10-01
DELTAZYME,Mid-Atlantic,39,5843.383442205649,1.0000126792512019,5843.383379269145,0.9999873316799817,2025-11-01
DELTAZYME,Mid-Atlantic,40,5843.38344416353,1.0000182690229384,5843.38341806829,0.9999817357765067,2025-12-01
DELTAZYME,Mid-Atlantic,41,5843.383444975322,1.000020061939269,5843.383434155504,0.9999799403148031,2026-01-01
DELTAZYME,Mid-Atlantic,42,5843.383445311914,1.0000287808003288,5843.3834408257135,0.9999712207957001,2026-02-01
DELTAZYME,Mid-Atlantic,43,5843.3834454514745,1.0000155821388916,5843.435964437699,0.9999754305547672,2026-03-01
DELTAZYME,Mid-Atlantic,44,5843.38344550934,1.000011076760225,5843.4464405299905,0.9999781430252959,2026-04-01
DELTAZYME,Mid-Atlantic,45,5843.383445533333,1.0000086839951088,5843.456916622282,0.9999787429661372,2026-05-01
DELTAZYME,Mid-Atlantic,46,5843.383445543281,1.0000071671673736,5843.467392714573,0.999978467000865,2026-06-01
DELTAZYME,Mid-Atlantic,47,5843.383445547406,1.0000060135274327,5843.477868806864,0.999977827862498,2026-07-01
DELTAZYME,Mid-Atlantic,48,5843.383445549116,0.9999126536109081,5843.488344899155,1.0000694009563174,2026-08-01
DELTAZYME,Mid-Central,24,7172.098071520221,0.9990327246869856,7194.364879912242,0.9978701805685077,2024-08-01
DELTAZYME,Mid-Central,25,7193.604313306344,1.0000293153007531,7194.408222962671,0.9998589479333235,2024-09-01
DELTAZYME,Mid-Central,26,7194.878124631826,1.0001148380073144,7194.4515660131,0.9999444583133512,2024-10-01
DELTAZYME,Mid-Central,27,7194.953572276703,1.000117069210455,7194.49490906353,0.9999466889991714,2024-11-01
DELTAZYME,Mid-Central,28,7194.958041028867,1.000114367134792,7194.538252113959,0.9999439875487595,2024-12-01
DELTAZYME,Mid-Central,29,7194.958305712356,1.0001113728977091,7194.581595164388,0.9999409939874815,2025-01-01
DELTAZYME,Mid-Central,30,7194.9583213895185,1.000159735676116,7193.88587392621,0.9999893436570182,2025-02-01
DELTAZYME,Mid-Central,31,7194.958322318074,1.000073615678529,7194.894801423147,0.9999352176969525,2025-03-01
DELTAZYME,Mid-Central,32,7194.958322373072,1.0000664503888175,7194.9545600404335,0.9999340769044317,2025-04-01
DELTAZYME,Mid-Central,33,7194.95832237633,1.0000631923448426,7194.958099533956,0.9999368426182388,2025-05-01
DELTAZYME,Mid-Central,34,7194.958322376523,1.0000601657584014,7194.958309177601,0.9999398396956571,2025-06-01
DELTAZYME,Mid-Central,35,7194.958322376534,1.000057152915284,7194.958321594761,0.9999428504596345,2025-07-01
DELTAZYME,Mid-Central,36,7194.958322376535,0.9990327246869856,7194.958322330229,1.0009682118468675,2025-08-01
DELTAZYME,Mid-Central,37,7194.958322376535,1.0000293153007531,7194.95832237379,0.99997068555899,2025-09-01
DELTAZYME,Mid-Central,38,7194.958322376535,1.0001148380073144,7194.95832237637,0.9998851751789621,2025-10-01
DELTAZYME,Mid-Central,39,7194.958322376535,1.000117069210455,7194.958322376523,0.9998829444931423,2025-11-01
DELTAZYME,Mid-Central,40,7194.958322376535,1.000114367134792,7194.958322376532,0.999885645943554,2025-12-01
DELTAZYME,Mid-Central,41,7194.958322376535,1.0001113728977091,7194.958322376532,0.9998886395048323,2026-01-01
DELTAZYME,Mid-Central,42,7194.958322376535,1.000159735676116,7194.958322376532,0.9998402898352954,2026-02-01
DELTAZYME,Mid-Central,43,7194.958322376535,1.000073615678529,7195.188397870397,0.9998944157953614,2026-03-01
DELTAZYME,Mid-Central,44,7194.958322376535,1.0000664503888175,7195.231740920826,0.9998955565878819,2026-04-01
DELTAZYME,Mid-Central,45,7194.958322376535,1.0000631923448426,7195.275083971255,0.9998927908740749,2026-05-01
DELTAZYME,Mid-Central,46,7194.958322376535,1.0000601657584014,7195.318427021684,0.9998897937966571,2026-06-01
DELTAZYME,Mid-Central,47,7194.958322376535,1.000057152915284,7195.361770072114,0.9998867830326796,2026-07-01
DELTAZYME,Mid-Central,48,7194.958322376535,0.9990327246869856,7195.405113122543,1.0009060578230953,2026-08-01
DELTAZYME,Midwest,24,6469.617353863184,0.9949264143956091,6577.868028998288,0.9885587348493801,2024-08-01
DELTAZYME,Midwest,25,6552.3833072218595,0.9986572775754098,6578.278391038687,0.9974027820651685,2024-09-01
DELTAZYME,Midwest,26,6575.019824751081,1.000347660956427,6578.688753079086,0.9990949546637554,2024-10-01
DELTAZYME,Midwest,27,6581.210920304951,1.0007872649835656,6579.099115119486,0.9995340887964764,2024-11-01
DELTAZYME,Midwest,28,6582.90418712957,1.0008848045850902,6579.509477159885,0.9996314733212,2024-12-01
DELTAZYME,Midwest,29,6583.367296205244,1.0008887981104106,6579.9198392002845,0.9996354619092143,2025-01-01
DELTAZYME,Midwest,30,6583.493956701305,1.0012561783475544,6575.220771188124,1.0000020559869793,2025-02-01
DELTAZYME,Midwest,31,6583.528598391796,1.000637374540653,6581.265879226583,0.9997066245983796,2025-03-01
DELTAZYME,Midwest,32,6583.538072906402,1.0004812315242684,6582.919218414082,0.999612963857254,2025-04-01
DELTAZYME,Midwest,33,6583.540664189499,1.0004159010907854,6583.371407266876,0.9996099708863562,2025-05-01
DELTAZYME,Midwest,34,6583.541372906343,1.0003754006364667,6583.495081078116,0.9996317690950011,2025-06-01
DELTAZYME,Midwest,35,6583.5415667406505,1.000341693253761,6583.528905909251,0.9996603459108828,2025-07-01
DELTAZYME,Midwest,36,6583.541619754403,0.9949264143956091,6583.538157012535,1.0050999867937123,2025-08-01
DELTAZYME,Midwest,37,6583.541634253683,0.9986572775754098,6583.540687192555,1.0013446717984233,2025-09-01
DELTAZYME,Midwest,38,6583.541638219241,1.000347660956427,6583.541379197686,0.9996524991998363,2025-10-01
DELTAZYME,Midwest,39,6583.541639303822,1.0007872649835656,6583.5415684613345,0.9992133650671157,2025-11-01
DELTAZYME,Midwest,40,6583.541639600456,1.0008848045850902,6583.541620225009,0.9991159805423918,2025-12-01
DELTAZYME,Midwest,41,6583.5416396815845,1.0008887981104106,6583.541634382392,0.9991119919543775,2026-01-01
DELTAZYME,Midwest,42,6583.541639703773,1.0012561783475544,6583.541638254443,0.9987453978766123,2026-02-01
DELTAZYME,Midwest,43,6583.5416397098425,1.000637374540653,6585.664907765876,0.9990408292652126,2026-03-01
DELTAZYME,Midwest,44,6583.541639711502,1.0004812315242684,6586.075269806275,0.9991344900063377,2026-04-01
DELTAZYME,Midwest,45,6583.541639711956,1.0004159010907854,6586.485631846675,0.9991374829772361,2026-05-01
DELTAZYME,Midwest,46,6583.541639712081,1.0003754006364667,6586.895993887074,0.9991156847685907,2026-06-01
DELTAZYME,Midwest,47,6583.541639712114,1.000341693253761,6587.306355927473,0.9990871079527088,2026-07-01
DELTAZYME,Midwest,48,6583.5416397121235,0.9949264143956091,6587.716717967873,1.0044624591522948,2026-08-01
DELTAZYME,Northeast,24,6483.776789201266,0.9976574351470229,6533.003336532059,0.9947953163385674,2024-08-01
DELTAZYME,Northeast,25,6527.425123866916,0.9997977046751937,6533.126378177866,0.9993294910746664,2024-09-01
DELTAZYME,Northeast,26,6533.655737786504,1.0002652443622562,6533.249419823674,0.9997970018055857,2024-10-01
DELTAZYME,Northeast,27,6534.545131393668,1.0003239065101963,6533.372461469481,0.9998556294719151,2024-11-01
DELTAZYME,Northeast,28,6534.672088544066,1.0003242045338114,6533.495503115289,0.9998559273115967,2024-12-01
DELTAZYME,Northeast,29,6534.690211136704,1.0003161717882538,6533.618544761095,0.9998478997088518,2025-01-01
DELTAZYME,Northeast,30,6534.692798059637,1.0004506394647192,6531.865181014931,0.9999822643340526,2025-02-01
DELTAZYME,Northeast,31,6534.693167331871,1.000215453188383,6534.289537038689,0.9998463510220174,2025-03-01
DELTAZYME,Northeast,32,6534.6932200439105,1.0001795553306847,6534.63560353821,0.9998292924161994,2025-04-01
DELTAZYME,Northeast,33,6534.693227568329,1.0001663608962958,6534.685003057471,0.9998349251590174,2025-05-01
DELTAZYME,Northeast,34,6534.693228642408,1.0001564073586615,6534.692054628504,0.9998437967313218,2025-06-01
DELTAZYME,Northeast,35,6534.693228795728,1.000146916744522,6534.693061210242,0.9998531304785722,2025-07-01
DELTAZYME,Northeast,36,6534.693228817614,0.9976574351470229,6534.6932048955,1.0023480690177167,2025-08-01
DELTAZYME,Northeast,37,6534.693228820738,0.9997977046751937,6534.693225405958,1.0002023367791524,2025-09-01
DELTAZYME,Northeast,38,6534.693228821184,1.0002652443622562,6534.693228333739,0.9997348260482328,2025-10-01
DELTAZYME,Northeast,39,6534.693228821247,1.0003239065101963,6534.693228751668,0.9996761983819035,2025-11-01
DELTAZYME,Northeast,40,6534.6932288212565,1.0003242045338114,6534.693228811326,0.9996759005422219,2025-12-01
DELTAZYME,Northeast,41,6534.693228821258,1.0003161717882538,6534.693228819841,0.9996839281449666,2026-01-01
DELTAZYME,Northeast,42,6534.693228821258,1.0004506394647192,6534.693228821057,0.9995495635197659,2026-02-01
DELTAZYME,Northeast,43,6534.693228821258,1.000215453188383,6535.341127802399,0.9996854768318011,2026-03-01
DELTAZYME,Northeast,44,6534.693228821258,1.0001795553306847,6535.464169448206,0.9997025354376191,2026-04-01
DELTAZYME,Northeast,45,6534.693228821258,1.0001663608962958,6535.587211094014,0.9996969026948013,2026-05-01
DELTAZYME,Northeast,46,6534.693228821258,1.0001564073586615,6535.710252739821,0.9996880311224967,2026-06-01
DELTAZYME,Northeast,47,6534.693228821258,1.000146916744522,6535.8332943856285,0.9996786973752466,2026-07-01
DELTAZYME,Northeast,48,6534.693228821258,0.9976574351470229,6535.956336031436,1.002154356424444,2026-08-01
DELTAZYME,Southeast,24,5876.7238985879285,1.010140765441662,5693.973897514607,1.021734168688921,2024-08-01
DELTAZYME,Southeast,25,5665.048063883712,0.9968068740745191,5693.773498397178,0.9981421325393661,2024-09-01
DELTAZYME,Southeast,26,5694.9446038934775,0.9994480702875204,5693.573099279748,1.000793253983279,2024-10-01
DELTAZYME,Southeast,27,5690.72209495284,0.9990950847452228,5693.372700162318,1.000439753437603,2024-11-01
DELTAZYME,Southeast,28,5691.318471046794,0.9991650058823673,5693.1723010448895,1.0005097964163088,2024-12-01
DELTAZYME,Southeast,29,5691.234240450615,0.9991751960988552,5692.97190192746,1.0005200035638908,2025-01-01
DELTAZYME,Southeast,30,5691.246136959218,0.9988177924364038,5697.060086162708,1.0001618814960642,2025-02-01
DELTAZYME,Southeast,31,5691.244456727529,0.9994945031753486,5690.423309782626,1.000650128777253,2025-03-01
DELTAZYME,Southeast,32,5691.244694039048,0.9994298194081493,5691.360670681004,1.0005501165925117,2025-04-01
DELTAZYME,Southeast,33,5691.244660521791,0.9994590421065385,5691.2282802849,1.0005441304000542,2025-05-01
DELTAZYME,Southeast,34,5691.244665255681,0.9994750047280148,5691.246978757399,1.0005248643215467,2025-06-01
DELTAZYME,Southeast,35,5691.244664587079,0.9994928416153978,5691.24433783416,1.0005074731671388,2025-07-01
DELTAZYME,Southeast,36,5691.244664681511,1.010140765441662,5691.244710831235,0.9899610292966183,2025-08-01
DELTAZYME,Southeast,37,5691.244664668173,0.9968068740745191,5691.244658150106,1.0032033557891795,2025-09-01
DELTAZYME,Southeast,38,5691.244664670056,0.9994480702875204,5691.244665590651,1.0005522343452669,2025-10-01
DELTAZYME,Southeast,39,5691.244664669791,0.9990950847452228,5691.244664539769,1.000905734890943,2025-11-01
DELTAZYME,Southeast,40,5691.244664669828,0.9991650058823673,5691.244664688192,1.000835691912237,2025-12-01
DELTAZYME,Southeast,41,5691.244664669823,0.9991751960988552,5691.244664667229,1.0008254847646547,2026-01-01
DELTAZYME,Southeast,42,5691.244664669824,0.9988177924364038,5691.244664670189,1.0011836068324818,2026-02-01
DELTAZYME,Southeast,43,5691.244664669824,0.9994945031753486,5690.166314283446,1.000695359551293,2026-03-01
DELTAZYME,Southeast,44,5691.244664669824,0.9994298194081493,5689.965915166016,1.0007953717360338,2026-04-01
DELTAZYME,Southeast,45,5691.244664669824,0.9994590421065385,5689.7655160485865,1.0008013579284913,2026-05-01
DELTAZYME,Southeast,46,5691.244664669824,0.9994750047280148,5689.565116931157,1.000820624006999,2026-06-01
DELTAZYME,Southeast,47,5691.244664669824,0.9994928416153978,5689.364717813727,1.000838015161407,2026-07-01
DELTAZYME,Southeast,48,5691.244664669824,1.010140765441662,5689.164318696297,0.9903230345072792,2026-08-01
DELTAZYME,Southwest,24,5616.283035252873,0.9872507095166951,5860.423377903149,0.9707167855869658,2024-08-01
DELTAZYME,Southwest,25,5772.387620389298,0.9943673408678622,5861.93624895768,0.9903017437868322,2024-09-01
DELTAZYME,Southwest,26,5836.636846522938,0.9997273566632827,5863.44912001221,0.9956986888012733,2024-10-01
DELTAZYME,Southwest,27,5863.080419946256,1.001856585827467,5864.961991066741,0.997826633644339,2024-11-01
DELTAZYME,Southwest,28,5873.9640152434185,1.0026564767135417,5866.474862121271,0.9986237811083399,2024-12-01
DELTAZYME,Southwest,29,5878.443464548404,1.0029094216422147,5867.987733175802,0.9988756751965094,2025-01-01
DELTAZYME,Southwest,30,5880.2871077130085,1.004175296725348,5855.059847337084,1.0001327744384656,2025-02-01
DELTAZYME,Southwest,31,5881.045910835216,1.0022568719171379,5870.662923332263,0.999512850182294,2025-03-01
DELTAZYME,Southwest,32,5881.358217570774,1.001606571207924,5877.084807462819,0.9991219703335092,2025-04-01
DELTAZYME,Southwest,33,5881.486756178775,1.0012637034240017,5879.727914232217,0.9990366505859539,2025-05-01
DELTAZYME,Southwest,34,5881.539659852841,1.0010471319614402,5880.815759053521,0.9990769299180127,2025-06-01
DELTAZYME,Southwest,35,5881.561433845677,1.0008825335330842,5881.263492141317,0.9991688594485195,2025-07-01
DELTAZYME,Southwest,36,5881.57039554394,0.9872507095166951,5881.447769267965,1.0129350529054613,2025-08-01
DELTAZYME,Southwest,37,5881.574083982546,0.9943673408678622,5881.523613694769,1.0056731954671367,2025-09-01
DELTAZYME,Southwest,38,5881.5756020630415,0.9997273566632827,5881.554829598674,1.0002762504526959,2025-10-01
DELTAZYME,Southwest,39,5881.576226871704,1.001856585827467,5881.567677380609,0.9981483056096302,2025-11-01
DELTAZYME,Southwest,40,5881.576484029257,1.0026564767135417,5881.572965246089,0.9973511581456294,2025-12-01
DELTAZYME,Southwest,41,5881.57658986967,1.0029094216422147,5881.575141615634,0.9970992640574597,2026-01-01
DELTAZYME,Southwest,42,5881.576633431264,1.004175296725348,5881.576037361641,0.9958421648155031,2026-02-01
DELTAZYME,Southwest,43,5881.576651360262,1.0022568719171379,5889.1679279392265,0.9964620890716753,2026-03-01
DELTAZYME,Southwest,44,5881.576658739445,1.001606571207924,5890.680798993757,0.9968529689204596,2026-04-01
DELTAZYME,Southwest,45,5881.576661776554,1.0012637034240017,5892.1936700482875,0.9969382886680153,2026-05-01
DELTAZYME,Southwest,46,5881.576663026562,1.0010471319614402,5893.706541102818,0.9968980093359565,2026-06-01
DELTAZYME,Southwest,47,5881.576663541037,1.0008825335330842,5895.219412157348,0.9968060798054494,2026-07-01
DELTAZYME,Southwest,48,5881.576663752785,0.9872507095166951,5896.732283211879,1.0103105703885267,2026-08-01
DELTAZYME,West,24,7231.658195877897,0.9961725665450422,7322.71616418995,0.9913593629735588,2024-08-01
DELTAZYME,West,25,7299.378873203254,0.998871922784754,7323.088743949103,0.997888007517123,2024-09-01
DELTAZYME,West,26,7319.435403955618,1.0002164920801844,7323.461323708257,0.9992339446715175,2024-10-01
DELTAZYME,West,27,7325.37545715219,1.0005967648828433,7323.833903467409,0.9996139500211013,2024-11-01
DELTAZYME,West,28,7327.13469619576,1.0006914626511967,7324.206483226562,0.9997085382307188,2024-12-01
DELTAZYME,West,29,7327.655722171454,1.0007015890623252,7324.579062985716,0.999718654196928,2025-01-01
DELTAZYME,West,30,7327.810032109231,1.000991538279235,7320.492025195956,1.0000081142018775,2025-02-01
DELTAZYME,West,31,7327.855733394786,1.0005084109678712,7325.6883919490265,0.9997875520302515,2025-03-01
DELTAZYME,West,32,7327.869268540555,1.000378814159622,7327.227376697847,0.9997088997605588,2025-04-01
DELTAZYME,West,33,7327.873277184267,1.0003225515871077,7327.683170942105,0.9997034876208214,2025-05-01
DELTAZYME,West,34,7327.874464406384,1.0002880022435678,7327.818161489125,0.9997197619146477,2025-06-01
DELTAZYME,West,35,7327.87481602066,1.0002598847562516,7327.858141036946,0.9997424577354449,2025-07-01
DELTAZYME,West,36,7327.87492015669,0.9961725665450422,7327.869981601189,1.0038428155171037,2025-08-01
DELTAZYME,West,37,7327.8749509981935,0.998871922784754,7327.873488368252,1.0011295510341742,2025-09-01
DELTAZYME,West,38,7327.874960132383,1.0002164920801844,7327.874526951803,0.9997836138797795,2025-10-01
DELTAZYME,West,39,7327.874962837616,1.0005967648828433,7327.874834544457,0.9994036085301955,2025-11-01
DELTAZYME,West,40,7327.874963638813,1.0006914626511967,7327.874925642801,0.9993090203205782,2025-12-01
DELTAZYME,West,41,7327.874963876099,1.0007015890623252,7327.87495262299,0.9992989043543693,2026-01-01
DELTAZYME,West,42,7327.874963946376,1.000991538279235,7327.8749606135925,0.9990094443494194,2026-02-01
DELTAZYME,West,43,7327.874963967189,1.0005084109678712,7329.795179613858,0.9992300065210457,2026-03-01
DELTAZYME,West,44,7327.874963973353,1.000378814159622,7330.167759373011,0.9993086587907383,2026-04-01
DELTAZYME,West,45,7327.874963975179,1.0003225515871077,7330.540339132164,0.9993140709304755,2026-05-01
DELTAZYME,West,46,7327.87496397572,1.0002880022435678,7330.9129188913175,0.9992977966366492,2026-06-01
DELTAZYME,West,47,7327.87496397588,1.0002598847562516,7331.28549865047,0.9992751008158522,2026-07-01
DELTAZYME,West,48,7327.874963975927,0.9961725665450422,7331.658078409623,1.0033241593362827,2026-08-01
GAMMATEX,Mid-Atlantic,24,10616.569346229955,0.9834009935693291,11199.766037317644,0.9639280266156973,2024-08-01
GAMMATEX,Mid-Atlantic,25,11374.813248153081,1.00870736169066,11200.188182466398,1.0068244768783632,2024-09-01
GAMMATEX,Mid-Atlantic,26,11156.823131908024,0.9989483536359093,11200.610327615152,0.9971392798876523,2024-10-01
GAMMATEX,Mid-Atlantic,27,11219.493851263644,1.0017296039652328,11201.032472763907,0.9999187220414085,2024-11-01
GAMMATEX,Mid-Atlantic,28,11201.476433170543,1.0009057505040972,11201.454617912661,0.999097014913043,2024-12-01
GAMMATEX,Mid-Atlantic,29,11206.656321930068,1.0011183033531448,11201.876763061415,0.9993091440638198,2025-01-01
GAMMATEX,Mid-Atlantic,30,11205.167138106814,1.001497136421373,11191.919773220015,0.9996869865847896,2025-02-01
GAMMATEX,Mid-Atlantic,31,11205.595268625131,1.0006326135950088,11209.403798577416,0.9990282391096368,2025-03-01
GAMMATEX,Mid-Atlantic,32,11205.472183927424,1.0008327089559914,11204.377256708207,0.9992656257300967,2025-04-01
GAMMATEX,Mid-Atlantic,33,11205.50756996547,1.0007509011501576,11205.822354312815,0.9992215922151109,2025-05-01
GAMMATEX,Mid-Atlantic,34,11205.497396713134,1.000750158925158,11205.406898291325,0.999258473654768,2025-06-01
GAMMATEX,Mid-Atlantic,35,11205.500321456022,1.0007261142339374,11205.526339154865,0.9992720924469335,2025-07-01
GAMMATEX,Mid-Atlantic,36,11205.499480611748,0.9834009935693291,11205.492000695085,1.0168798629059737,2025-08-01
GAMMATEX,Mid-Atlantic,37,11205.499722348926,1.00870736169066,11205.501872775589,0.9913676117281691,2025-09-01
GAMMATEX,Mid-Atlantic,38,11205.499652851084,0.9989483536359093,11205.499034617615,1.0010528087188801,2025-10-01
GAMMATEX,Mid-Atlantic,39,11205.499672831254,1.0017296039652328,11205.499850569295,0.9982733665651239,2025-11-01
GAMMATEX,Mid-Atlantic,40,11205.499667087088,1.0009057505040972,11205.499615988572,0.9990950736934894,2025-12-01
GAMMATEX,Mid-Atlantic,41,11205.499668738497,1.0011183033531448,11205.499683428981,0.9988829445427122,2026-01-01
GAMMATEX,Mid-Atlantic,42,11205.499668263728,1.001497136421373,11205.499664040308,0.9985051020217425,2026-02-01
GAMMATEX,Mid-Atlantic,43,11205.499668400222,1.0006326135950088,11207.786795143971,0.9991638494968957,2026-03-01
GAMMATEX,Mid-Atlantic,44,11205.49966836098,1.0008327089559914,11208.208940292727,0.9989264628764355,2026-04-01
GAMMATEX,Mid-Atlantic,45,11205.499668372262,1.0007509011501576,11208.63108544148,0.9989704963914211,2026-05-01
GAMMATEX,Mid-Atlantic,46,11205.499668369019,1.000750158925158,11209.053230590234,0.9989336149517645,2026-06-01
GAMMATEX,Mid-Atlantic,47,11205.49966836995,1.0007261142339374,11209.475375738988,0.998919996159599,2026-07-01
GAMMATEX,Mid-Atlantic,48,11205.499668369683,0.9834009935693291,11209.897520887742,1.0164802433881275,2026-08-01
GAMMATEX,Mid-Central,24,15221.779934150822,1.015957538819521,14467.79946105856,1.0355889345062086,2024-08-01
GAMMATEX,Mid-Central,25,14689.600952416231,1.0055657875851662,14464.237668488637,1.0099595031713924,2024-09-01
GAMMATEX,Mid-Central,26,14509.921430034636,0.999492358392163,14460.675875918714,1.0039151098850405,2024-10-01
GAMMATEX,Mid-Central,27,14449.25625558891,0.9975224678883627,14457.114083348792,1.0019388088554986,2024-11-01
GAMMATEX,Mid-Central,28,14428.773880403638,0.9969384358631526,14453.552290778869,1.0013513539531882,2024-12-01
GAMMATEX,Mid-Central,29,14421.858418657037,0.9968224663720849,14449.990498208947,1.0012345986099376,2025-01-01
GAMMATEX,Mid-Central,30,14419.52355218105,0.9955064185672913,14485.938586395945,0.9999083764119088,2025-02-01
GAMMATEX,Mid-Central,31,14418.735231507688,0.9976499158708902,14441.158931120537,1.000799199151797,2025-03-01
GAMMATEX,Mid-Central,32,14418.469070898316,0.9982863451651677,14426.039981766184,1.0011908869331743,2025-04-01
GAMMATEX,Mid-Central,33,14418.379207125394,0.9985833863878459,14420.935372805401,1.0012411179908567,2025-05-01
GAMMATEX,Mid-Central,34,14418.348866431093,0.9987656655188888,14419.211904326756,1.0011759326420444,2025-06-01
GAMMATEX,Mid-Central,35,14418.338622506308,0.9989092135694674,14418.630009882008,1.0010717463880487,2025-07-01
GAMMATEX,Mid-Central,36,14418.335163851278,1.015957538819521,14418.433544934129,0.9842863884614942,2025-08-01
GAMMATEX,Mid-Central,37,14418.333996106016,1.0055657875851662,14418.367212498593,0.9944627279394372,2025-09-01
GAMMATEX,Mid-Central,38,14418.333601840332,0.999492358392163,14418.344816686762,1.0005071212257892,2025-10-01
GAMMATEX,Mid-Central,39,14418.333468724457,0.9975224678883627,14418.33725519164,1.0024834222553307,2025-11-01
GAMMATEX,Mid-Central,40,14418.333423780563,0.9969384358631526,14418.334702204998,1.0030708771576413,2025-12-01
GAMMATEX,Mid-Central,41,14418.33340860616,0.9968224663720849,14418.333840240439,1.0031876325008922,2026-01-01
GAMMATEX,Mid-Central,42,14418.33340348283,0.9955064185672913,14418.333549215457,1.0045138546989207,2026-02-01
GAMMATEX,Mid-Central,43,14418.33340175304,0.9976499158708902,14400.125402230035,1.0036230319590325,2026-03-01
GAMMATEX,Mid-Central,44,14418.333401169011,0.9982863451651677,14396.563609660112,1.0032313441776552,2026-04-01
GAMMATEX,Mid-Central,45,14418.333400971826,0.9985833863878459,14393.00181709019,1.003181113119973,2026-05-01
GAMMATEX,Mid-Central,46,14418.333400905249,0.9987656655188888,14389.440024520267,1.0032462984687849,2026-06-01
GAMMATEX,Mid-Central,47,14418.333400882771,0.9989092135694674,14385.878231950344,1.0033504847227808,2026-07-01
GAMMATEX,Mid-Central,48,14418.333400875183,1.015957538819521,14382.316439380422,0.9867580236985407,2026-08-01
GAMMATEX,Midwest,24,12627.212840599168,0.9978889038426402,12713.483946376262,0.9953154107539164,2024-08-01
GAMMATEX,Midwest,25,12704.600226973564,0.9998498087885191,12713.69250023221,0.9994349503629062,2024-09-01
GAMMATEX,Midwest,26,12714.798926926633,1.00024277884925,12713.901054088157,0.9998278842854104,2024-10-01
GAMMATEX,Midwest,27,12716.142989384427,1.0002874429703161,12714.109607944105,0.9998725247640883,2024-11-01
GAMMATEX,Midwest,28,12716.320120185292,1.0002862056650472,12714.318161800053,0.9998712881722548,2024-12-01
GAMMATEX,Midwest,29,12716.343463833076,1.0002789194526742,12714.526715655998,0.999864006076281,2025-01-01
GAMMATEX,Midwest,30,12716.346540237006,1.000397916168827,12711.505596384577,0.9999829222925737,2025-02-01
GAMMATEX,Midwest,31,12716.346945668976,1.000189316683425,12715.708969169787,0.9998608819644841,2025-03-01
GAMMATEX,Midwest,32,12716.346999099895,1.0001593315351165,12716.262921691452,0.9998473045957483,2025-04-01
GAMMATEX,Midwest,33,12716.347006141428,1.0001482606067682,12716.335925779347,0.9998526325906586,2025-05-01
GAMMATEX,Midwest,34,12716.347007069415,1.0001396824329727,12716.345546814799,0.9998604518923292,2025-06-01
GAMMATEX,Midwest,35,12716.34700719171,1.0001314330044453,12716.346814748224,0.9998685993994818,2025-07-01
GAMMATEX,Midwest,36,12716.347007207829,0.9978889038426402,12716.34698184616,1.002115564311463,2025-08-01
GAMMATEX,Midwest,37,12716.347007209954,0.9998498087885191,12716.347003867599,1.000150214035148,2025-09-01
GAMMATEX,Midwest,38,12716.347007210234,1.00024277884925,12716.347006769753,0.9997572801126438,2025-10-01
GAMMATEX,Midwest,39,12716.34700721027,1.0002874429703161,12716.34700715222,0.9997126396339661,2025-11-01
GAMMATEX,Midwest,40,12716.347007210275,1.0002862056650472,12716.347007202625,0.9997138762257995,2025-12-01
GAMMATEX,Midwest,41,12716.347007210275,1.0002789194526742,12716.34700720927,0.9997211583217732,2026-01-01
GAMMATEX,Midwest,42,12716.347007210275,1.000397916168827,12716.347007210145,0.9996022421054808,2026-02-01
GAMMATEX,Midwest,43,12716.347007210275,1.000189316683425,12717.446469639264,0.9997242824335703,2026-03-01
GAMMATEX,Midwest,44,12716.347007210275,1.0001593315351165,12717.655023495212,0.9997378598023055,2026-04-01
GAMMATEX,Midwest,45,12716.347007210275,1.0001482606067682,12717.863577351158,0.999732531807396,2026-05-01
GAMMATEX,Midwest,46,12716.347007210275,1.0001396824329727,12718.072131207105,0.9997247125057247,2026-06-01
GAMMATEX,Midwest,47,12716.347007210275,1.0001314330044453,12718.280685063053,0.9997165649985726,2026-07-01
GAMMATEX,Midwest,48,12716.347007210275,0.9978889038426402,12718.489238919,1.001946771531702,2026-08-01
GAMMATEX,Northeast,24,12642.469974722606,0.9965408022026099,12782.12477543987,0.9925074905335406,2024-08-01
GAMMATEX,Northeast,25,12807.216263729693,1.0011985959875307,12782.26865111371,1.0007522382831633,2024-09-01
GAMMATEX,Northeast,26,12780.304482165093,1.0001400343533309,12782.412526787552,0.9996950907580242,2024-10-01
GAMMATEX,Northeast,27,12784.700599317992,1.0003064020480508,12782.556402461392,0.9998613844017897,2024-11-01
GAMMATEX,Northeast,28,12783.982480899276,1.0002726764029088,12782.700278135233,0.9998276782460014,2024-12-01
GAMMATEX,Northeast,29,12784.099787614581,1.000271636361588,12782.844153809074,0.9998266387757773,2025-01-01
GAMMATEX,Northeast,30,12784.080625224233,1.0003884661003952,12779.83982014342,0.999943391432695,2025-02-01
GAMMATEX,Northeast,31,12784.083755455975,1.0001650928584367,12784.776503199677,0.9997807579747944,2025-03-01
GAMMATEX,Northeast,32,12784.083244123589,1.0001909908523543,12783.970081781235,0.9998178958214313,2025-04-01
GAMMATEX,Northeast,33,12784.08332765121,1.0001802132556732,12784.101813046278,0.9998183735083805,2025-05-01
GAMMATEX,Northeast,34,12784.083314006732,1.0001754271343946,12784.08029436412,0.9998248397968095,2025-06-01
GAMMATEX,Northeast,35,12784.083316235598,1.0001696624427252,12784.083809502925,0.9998303277597936,2025-07-01
GAMMATEX,Northeast,36,12784.083315871505,0.9965408022026099,12784.083235294862,1.0034712117081732,2025-08-01
GAMMATEX,Northeast,37,12784.08331593098,1.0011985959875307,12784.083329093406,0.9988028378965681,2025-09-01
GAMMATEX,Northeast,38,12784.083315921265,1.0001400343533309,12784.083313771145,0.9998599854217073,2025-10-01
GAMMATEX,Northeast,39,12784.083315922853,1.0003064020480508,12784.08331627408,0.999693691777942,2025-11-01
GAMMATEX,Northeast,40,12784.083315922593,1.0002726764029088,12784.083315865219,0.99972739793373,2025-12-01
GAMMATEX,Northeast,41,12784.083315922635,1.000271636361588,12784.083315932006,0.9997284374039545,2026-01-01
GAMMATEX,Northeast,42,12784.083315922628,1.0003884661003952,12784.083315921098,0.9996116847470364,2026-02-01
GAMMATEX,Northeast,43,12784.08331592263,1.0001650928584367,12784.858413242842,0.9997743182049373,2026-03-01
GAMMATEX,Northeast,44,12784.08331592263,1.0001909908523543,12785.002288916683,0.9997371803583001,2026-04-01
GAMMATEX,Northeast,45,12784.08331592263,1.0001802132556732,12785.146164590524,0.9997367026713512,2026-05-01
GAMMATEX,Northeast,46,12784.08331592263,1.0001754271343946,12785.290040264365,0.9997302363829224,2026-06-01
GAMMATEX,Northeast,47,12784.08331592263,1.0001696624427252,12785.433915938205,0.9997247484199381,2026-07-01
GAMMATEX,Northeast,48,12784.08331592263,0.9965408022026099,12785.577791612046,1.003353912027884,2026-08-01
GAMMATEX,Southeast,24,11375.985636962798,0.9973771906108685,11471.503429397011,0.9942812824637711,2024-08-01
GAMMATEX,Southeast,25,11480.081785112821,1.0005601526730326,11471.631464670845,1.00017637613708,2024-09-01
GAMMATEX,Southeast,26,11472.770109646017,1.00023582440667,11471.759499944681,0.9998523058632658,2024-10-01
GAMMATEX,Southeast,27,11473.283679063157,1.0002526305683241,11471.887535218515,0.9998691038190687,2024-11-01
GAMMATEX,Southeast,28,11473.247606134672,1.0002454759729986,11472.015570492349,0.9998619527861489,2024-12-01
GAMMATEX,Southeast,29,11473.250139884007,1.000240004487067,11472.143605766185,0.999856483955551,2025-01-01
GAMMATEX,Southeast,30,11473.249961914378,1.0003452762556029,11469.729246314393,0.9999616941378748,2025-02-01
GAMMATEX,Southeast,31,11473.2499744149,1.0001510843697865,11473.497268194116,0.9998273882304337,2025-03-01
GAMMATEX,Southeast,32,11473.249973536867,1.0001570402223425,11473.232603712038,0.9998444981411085,2025-04-01
GAMMATEX,Southeast,33,11473.24997359854,1.0001506499801764,11473.251193648697,0.9998492663891791,2025-05-01
GAMMATEX,Southeast,34,11473.24997359421,1.0001451270737656,11473.249887898328,0.9998549014531517,2025-06-01
GAMMATEX,Southeast,35,11473.249973594513,1.0001395433793623,11473.249979613758,0.9998604755657158,2025-07-01
GAMMATEX,Southeast,36,11473.249973594491,0.9973771906108685,11473.2499731717,1.0026297066452614,2025-08-01
GAMMATEX,Southeast,37,11473.249973594493,1.0005601526730326,11473.249973624186,0.9994401609197366,2025-09-01
GAMMATEX,Southeast,38,11473.249973594493,1.00023582440667,11473.249973592405,0.9997642311935508,2025-10-01
GAMMATEX,Southeast,39,11473.249973594493,1.0002526305683241,11473.249973594637,0.9997474332377481,2025-11-01
GAMMATEX,Southeast,40,11473.249973594493,1.0002454759729986,11473.24997359448,0.9997545842706675,2025-12-01
GAMMATEX,Southeast,41,11473.249973594493,1.000240004487067,11473.249973594491,0.9997600531012656,2026-01-01
GAMMATEX,Southeast,42,11473.249973594493,1.0003452762556029,11473.24997359449,0.999654842918942,2026-02-01
GAMMATEX,Southeast,43,11473.249973594493,1.0001510843697865,11473.936099599869,0.9997891488263825,2026-03-01
GAMMATEX,Southeast,44,11473.249973594493,1.0001570402223425,11474.064134873703,0.9997720389157082,2026-04-01
GAMMATEX,Southeast,45,11473.249973594493,1.0001506499801764,11474.192170147537,0.9997672706676373,2026-05-01
GAMMATEX,Southeast,46,11473.249973594493,1.0001451270737656,11474.320205421373,0.9997616356036648,2026-06-01
GAMMATEX,Southeast,47,11473.249973594493,1.0001395433793623,11474.448240695207,0.9997560614911009,2026-07-01
GAMMATEX,Southeast,48,11473.249973594493,0.9973771906108685,11474.57627596904,1.0025138164761924,2026-08-01
GAMMATEX,Southwest,24,11896.463685500976,0.997765678258138,11980.830426617305,0.995181745408767,2024-08-01
GAMMATEX,Southwest,25,11999.575673752153,1.0009146703632363,11980.907202562023,1.0006429266793493,2024-09-01
GAMMATEX,Southwest,26,11978.206214254877,1.0000195346074143,11980.983978506742,0.9997486225469974,2024-10-01
GAMMATEX,Southwest,27,11982.634931099064,1.000201177067619,11981.060754451459,0.999930225723656,2024-11-01
GAMMATEX,Southwest,28,11981.717101011294,1.0001596639442698,11981.137530396178,0.9998887274103222,2024-12-01
GAMMATEX,Southwest,29,11981.907316845734,1.0001643984865842,11981.214306340895,0.9998934604530331,2025-01-01
GAMMATEX,Southwest,30,11981.867895536547,1.0002327430255835,11979.537731929531,0.9999617778506301,2025-02-01
GAMMATEX,Southwest,31,11981.876065411692,1.000098021060425,11982.358980518524,0.9998616903236485,2025-03-01
GAMMATEX,Southwest,32,11981.87437224469,1.000119147832787,11981.774290430818,0.9998892182041458,2025-04-01
GAMMATEX,Southwest,33,11981.87472314534,1.000110901209519,11981.895464615893,0.9998873802125909,2025-05-01
GAMMATEX,Southwest,34,11981.874650422882,1.0001087423162953,11981.8703518537,0.9998916282244112,2025-06-01
GAMMATEX,Southwest,35,11981.874665494259,1.000105321828129,11981.875556351875,0.9998946149207887,2025-07-01
GAMMATEX,Southwest,36,11981.874662370788,0.997765678258138,11981.874477744868,1.0022393405579255,2025-08-01
GAMMATEX,Southwest,37,11981.874663018112,1.0009146703632363,11981.874701280938,0.999086162303629,2025-09-01
GAMMATEX,Southwest,38,11981.874662883958,1.0000195346074143,11981.874654954172,0.9999804664359814,2025-10-01
GAMMATEX,Southwest,39,11981.874662911761,1.000201177067619,11981.874664555171,0.9997988632593229,2025-11-01
GAMMATEX,Southwest,40,11981.874662905999,1.0001596639442698,11981.874662565411,0.9998403615726564,2025-12-01
GAMMATEX,Southwest,41,11981.874662907194,1.0001643984865842,11981.874662977782,0.9998356285299455,2026-01-01
GAMMATEX,Southwest,42,11981.874662906946,1.0002327430255835,11981.874662892318,0.9997673111323484,2026-02-01
GAMMATEX,Southwest,43,11981.874662906997,1.000098021060425,11982.289169566946,0.99986739865933,2026-03-01
GAMMATEX,Southwest,44,11981.874662906986,1.000119147832787,11982.365945511665,0.999839870778833,2026-04-01
GAMMATEX,Southwest,45,11981.874662906988,1.000110901209519,11982.442721456382,0.9998417087703872,2026-05-01
GAMMATEX,Southwest,46,11981.874662906988,1.0001087423162953,11982.5194974011,0.9998374607585678,2026-06-01
GAMMATEX,Southwest,47,11981.874662906988,1.000105321828129,11982.596273345818,0.9998344740621898,2026-07-01
GAMMATEX,Southwest,48,11981.874662906988,0.997765678258138,11982.673049290535,1.0021725475077754,2026-08-01
GAMMATEX,West,24,14832.565648755595,1.0031801722187268,14680.291015142451,1.00716975255035,2024-08-01
GAMMATEX,West,25,14725.908185625321,1.0011337663860072,14679.556360294637,1.0020215183980825,2024-09-01
GAMMATEX,West,26,14689.26335429211,0.9999113634527381,14678.82170544682,1.0008000485380912,2024-10-01
GAMMATEX,West,27,14676.673108621264,0.9995077661863245,14678.087050599006,1.0003960986606446,2024-11-01
GAMMATEX,West,28,14672.34741573948,0.9993855057503177,14677.35239575119,1.000273662219723,2024-12-01
GAMMATEX,West,29,14670.861216073745,0.9993599120800023,14676.617740903375,1.0002480224640868,2025-01-01
GAMMATEX,West,30,14670.350595115024,0.9990934020968827,14683.940372896206,0.9999810949994311,2025-02-01
GAMMATEX,West,31,14670.175158550546,0.9995247389932232,14674.844265615646,1.000157164892588,2025-03-01
GAMMATEX,West,32,14670.114882943699,0.9996541507816253,14671.719071116337,1.0002365922425627,2025-04-01
GAMMATEX,West,33,14670.094173755784,0.9997150645006846,14670.645332608505,1.0002474371816614,2025-05-01
GAMMATEX,West,34,14670.087058597821,0.9997524365957853,14670.276422966735,1.0002347134806326,2025-06-01
GAMMATEX,West,35,14670.084614007861,0.9997817209576829,14670.14967485926,1.0002138908162526,2025-07-01
GAMMATEX,West,36,14670.083774108016,1.0031801722187268,14670.106127386034,0.9968283903164676,2025-08-01
GAMMATEX,West,37,14670.083485539479,1.0011337663860072,14670.091165565598,0.9988669946614513,2025-09-01
GAMMATEX,West,38,14670.08338639456,0.9999113634527381,14670.08602505906,1.0000884645214423,2025-10-01
GAMMATEX,West,39,14670.083352330852,0.9995077661863245,14670.084258909845,1.000492414398889,2025-11-01
GAMMATEX,West,40,14670.083340627416,0.9993855057503177,14670.083652105235,1.0006148508398103,2025-12-01
GAMMATEX,West,41,14670.083336606407,0.9993599120800023,14670.083443622381,1.0006404905954465,2026-01-01
GAMMATEX,West,42,14670.08333522489,0.9990934020968827,14670.083371992896,1.0009074180601023,2026-02-01
GAMMATEX,West,43,14670.083334750236,0.9995247389932232,14666.33257303396,1.0007313481669455,2026-03-01
GAMMATEX,West,44,14670.083334587156,0.9996541507816253,14665.597918186144,1.0006519208169706,2026-04-01
GAMMATEX,West,45,14670.083334531126,0.9997150645006846,14664.86326333833,1.0006410758778719,2026-05-01
GAMMATEX,West,46,14670.083334511875,0.9997524365957853,14664.128608490513,1.0006537995789009,2026-06-01
GAMMATEX,West,47,14670.083334505262,0.9997817209576829,14663.393953642699,1.0006746222432807,2026-07-01
GAMMATEX,West,48,14670.08333450299,1.0031801722187268,14662.659298794882,0.9973346267224825,2026-08-01
ZETAPHIN,Mid-Atlantic,24,13760.132116945402,0.9951049654294919,13974.490421611303,0.9895044009177878,2024-08-01
ZETAPHIN,Mid-Atlantic,25,14046.837980759274,1.0028379137390488,13974.629259840647,1.0023226244831513,2024-09-01
ZETAPHIN,Mid-Atlantic,26,13953.4145771684,0.9994895767660993,13974.768098069992,0.9989818981865376,2024-10-01
ZETAPHIN,Mid-Atlantic,27,13983.856690288798,1.0005740365149616,13974.906936299336,1.0000663414018602,2024-11-01
ZETAPHIN,Mid-Atlantic,28,13973.937096101312,1.0002140793281582,13975.04577452868,0.9997066507494229,2024-12-01
ZETAPHIN,Mid-Atlantic,29,13977.169406173061,1.0003247823553347,13975.184612758025,0.999817299679882,2025-01-01
ZETAPHIN,Mid-Atlantic,30,13976.11615457804,1.0004084787263692,13971.793684411838,0.9999009329109343,2025-02-01
ZETAPHIN,Mid-Atlantic,31,13976.459357704533,1.0001764025234987,13977.86783909893,0.99972288125066,2025-03-01
ZETAPHIN,Mid-Atlantic,32,13976.3475246092,1.0002382539918264,13975.888569483523,0.9997946340033373,2025-04-01
ZETAPHIN,Mid-Atlantic,33,13976.3839655395,1.0002115113950314,13976.533516544025,0.9997778354453452,2025-05-01
ZETAPHIN,Mid-Atlantic,34,13976.372091224503,1.000213639255154,13976.323359874305,0.9997898923394983,2025-06-01
ZETAPHIN,Mid-Atlantic,35,13976.375960482383,1.0002063599750282,13976.391839643473,0.9997925466933664,2025-07-01
ZETAPHIN,Mid-Atlantic,36,13976.374699680682,0.9951049654294919,13976.369525439542,1.0049194858372836,2025-08-01
ZETAPHIN,Mid-Atlantic,37,13976.375110514226,1.0028379137390488,13976.376796546076,0.9971699969311404,2025-09-01
ZETAPHIN,Mid-Atlantic,38,13976.374976643689,0.9994895767660993,13976.374427248456,1.0005107232277541,2025-10-01
ZETAPHIN,Mid-Atlantic,39,13976.375020265543,1.0005740365149616,13976.37519928655,0.9994262800124312,2025-11-01
ZETAPHIN,Mid-Atlantic,40,13976.375006051316,1.0002140793281582,13976.374947717135,0.9997859706648685,2025-12-01
ZETAPHIN,Mid-Atlantic,41,13976.375010683036,1.0003247823553347,13976.37502969129,0.9996753217344096,2026-01-01
ZETAPHIN,Mid-Atlantic,42,13976.375009173786,1.0004084787263692,13976.375002979925,0.9995916885033574,2026-02-01
ZETAPHIN,Mid-Atlantic,43,13976.375009665577,1.0001764025234987,13977.128347968848,0.9997697401636316,2026-03-01
ZETAPHIN,Mid-Atlantic,44,13976.375009505326,1.0002382539918264,13977.267186198193,0.9996979874109542,2026-04-01
ZETAPHIN,Mid-Atlantic,45,13976.375009557543,1.0002115113950314,13977.406024427537,0.9997147859689465,2026-05-01
ZETAPHIN,Mid-Atlantic,46,13976.375009540528,1.000213639255154,13977.544862656881,0.9997027290747931,2026-06-01
ZETAPHIN,Mid-Atlantic,47,13976.375009546073,1.0002063599750282,13977.683700886226,0.999700074720925,2026-07-01
ZETAPHIN,Mid-Atlantic,48,13976.375009544267,0.9951049654294919,13977.82253911557,1.004815045366366,2026-08-01
ZETAPHIN,Mid-Central,24,17825.857695160204,1.0033892658618142,17633.314009256304,1.0075046126351361,2024-08-01
ZETAPHIN,Mid-Central,25,17657.966422122052,1.0003659536937013,17632.809112318715,1.0010603912045875,2024-09-01
ZETAPHIN,Mid-Central,26,17631.378029758413,0.9996265807876272,17632.304215381122,1.0003210113140335,2024-10-01
ZETAPHIN,Mid-Central,27,17627.167312931448,0.9995215275256832,17631.799318443533,1.0002158682844529,2024-11-01
ZETAPHIN,Mid-Central,28,17626.50047546514,0.9995169329594548,17631.294421505943,1.0002112692629466,2024-12-01
ZETAPHIN,Mid-Central,29,17626.394870594344,0.9995282488539601,17630.78952456835,1.000222595964395,2025-01-01
ZETAPHIN,Mid-Central,30,17626.378146295996,0.9993287408453988,17637.81476610823,1.0000228597176393,2025-02-01
ZETAPHIN,Mid-Central,31,17626.37549772351,0.9996767528188304,17628.18667783656,1.0002205750656714,2025-03-01
ZETAPHIN,Mid-Central,32,17626.37507827774,0.9997342951943294,17626.66190895461,1.00024949855206,2025-04-01
ZETAPHIN,Mid-Central,33,17626.375011851484,0.9997554633290181,17626.420436288623,1.0002420187881127,2025-05-01
ZETAPHIN,Mid-Central,34,17626.375001331773,0.9997708710161356,17626.38219505147,1.0002287732801507,2025-06-01
ZETAPHIN,Mid-Central,35,17626.374999665804,0.9997853671140434,17626.376138911688,1.0002146143162287,2025-07-01
ZETAPHIN,Mid-Central,36,17626.374999401967,1.0033892658618142,17626.375179820618,0.9966221722587157,2025-08-01
ZETAPHIN,Mid-Central,37,17626.374999360185,1.0003659536937013,17626.3750279325,0.9996341785590085,2025-09-01
ZETAPHIN,Mid-Central,38,17626.374999353568,0.9996265807876272,17626.375003878475,1.0003735584495625,2025-10-01
ZETAPHIN,Mid-Central,39,17626.37499935252,0.9995215275256832,17626.375000069114,1.0004787014791432,2025-11-01
ZETAPHIN,Mid-Central,40,17626.374999352356,0.9995169329594548,17626.374999465843,1.0004833005006495,2025-12-01
ZETAPHIN,Mid-Central,41,17626.374999352327,0.9995282488539601,17626.374999370302,1.0004719737992007,2026-01-01
ZETAPHIN,Mid-Central,42,17626.374999352323,0.9993287408453988,17626.374999355172,1.000671710045957,2026-02-01
ZETAPHIN,Mid-Central,43,17626.374999352323,0.9996767528188304,17623.720967442085,1.0004739946979246,2026-03-01
ZETAPHIN,Mid-Central,44,17626.374999352323,0.9997342951943294,17623.21607050449,1.0004450712115363,2026-04-01
ZETAPHIN,Mid-Central,45,17626.374999352323,0.9997554633290181,17622.711173566902,1.0004525509754834,2026-05-01
ZETAPHIN,Mid-Central,46,17626.374999352323,0.9997708710161356,17622.206276629313,1.0004657964834454,2026-06-01
ZETAPHIN,Mid-Central,47,17626.374999352323,0.9997853671140434,17621.70137969172,1.0004799554473673,2026-07-01
ZETAPHIN,Mid-Central,48,17626.374999352323,1.0033892658618142,17621.19648275413,0.9969150697515421,2026-08-01
ZETAPHIN,Midwest,24,15757.610655552573,0.9974735552972834,15887.35782714284,0.994345465984076,2024-08-01
ZETAPHIN,Midwest,25,15863.577390404462,0.9995227970727848,15887.767216180531,0.9989541597782223,2024-09-01
ZETAPHIN,Midwest,26,15886.605904583352,1.0002348366730267,15888.176605218221,0.9996663819562263,2024-10-01
ZETAPHIN,Midwest,27,15891.610422897787,1.000379482708698,15888.585994255913,0.9998109413203267,2024-11-01
ZETAPHIN,Midwest,28,15892.697996475701,1.0004008274178837,15888.995383293603,0.9998322698499615,2024-12-01
ZETAPHIN,Midwest,29,15892.934346152742,1.000395377698635,15889.404772331294,0.999826824568528,2025-01-01
ZETAPHIN,Midwest,30,15892.985709270579,1.0005600911408639,15884.226081474042,0.9999913807680343,2025-02-01
ZETAPHIN,Midwest,31,15892.996871417728,1.0002769750234426,15891.09324370667,0.9998428606178676,2025-03-01
ZETAPHIN,Midwest,32,15892.99929715694,1.0002172015204107,15892.585603955986,0.9998088705719322,2025-04-01
ZETAPHIN,Midwest,33,15892.999824314544,1.0001941329954305,15892.909921197706,0.9998115603934583,2025-05-01
ZETAPHIN,Midwest,34,15892.999938875555,1.0001790405443833,15892.980401280065,0.9998222206076528,2025-06-01
ZETAPHIN,Midwest,35,15892.999963771763,1.0001656819071565,15892.995717894077,0.9998346126485547,2025-07-01
ZETAPHIN,Midwest,36,15892.999969182165,0.9974735552972834,15892.9990464751,1.0025329019970035,2025-08-01
ZETAPHIN,Midwest,37,15892.999970357945,0.9995227970727848,15892.999769836782,1.000477443381543,2025-09-01
ZETAPHIN,Midwest,38,15892.999970613464,1.0002348366730267,15892.999927036537,0.9997652212035392,2025-10-01
ZETAPHIN,Midwest,39,15892.999970668992,1.000379482708698,15892.999961198924,0.9996206618394388,2025-11-01
ZETAPHIN,Midwest,40,15892.99997068106,1.0004008274178837,15892.99996862304,0.9995993333098032,2025-12-01
ZETAPHIN,Midwest,41,15892.999970683682,1.000395377698635,15892.999970236437,0.9996047785912371,2026-01-01
ZETAPHIN,Midwest,42,15892.999970684252,1.0005600911408639,15892.999970587058,0.9994402223917309,2026-02-01
ZETAPHIN,Midwest,43,15892.999970684376,1.0002769750234426,15895.136218858968,0.9995887425418978,2026-03-01
ZETAPHIN,Midwest,44,15892.999970684403,1.0002172015204107,15895.545607896658,0.9996227325878331,2026-04-01
ZETAPHIN,Midwest,45,15892.999970684408,1.0001941329954305,15895.95499693435,0.999620042766307,2026-05-01
ZETAPHIN,Midwest,46,15892.99997068441,1.0001790405443833,15896.36438597204,0.9996093825521124,2026-06-01
ZETAPHIN,Midwest,47,15892.99997068441,1.0001656819071565,15896.773775009731,0.9995969905112108,2026-07-01
ZETAPHIN,Midwest,48,15892.99997068441,0.9974735552972834,15897.183164047423,1.0022690367585687,2026-08-01
ZETAPHIN,Northeast,24,15555.935185407969,1.0025991143980884,15426.326698956334,1.0057876153637233,2024-08-01
ZETAPHIN,Northeast,25,15449.124485708819,1.0004628743634096,15425.927943505847,1.0010403813038051,2024-09-01
ZETAPHIN,Northeast,26,15426.757670269204,0.9997510350335896,15425.52918805536,1.000328686348496,2024-10-01
ZETAPHIN,Northeast,27,15422.073921971336,0.9996121805003293,15425.130432604872,1.0001897417213115,2024-11-01
ZETAPHIN,Northeast,28,15421.0931163588,0.9995933161265045,15424.731677154385,1.0001708620092253,2024-12-01
ZETAPHIN,Northeast,29,15420.887729649607,0.9995995796054276,15424.332921703897,1.0001771304749734,2025-01-01
ZETAPHIN,Northeast,30,15420.844720413348,0.999432623260298,15429.444630029153,1.0000100124164721,2025-02-01
ZETAPHIN,Northeast,31,15420.83571401556,0.9997203881107493,15422.636587820483,1.0001628892161238,2025-03-01
ZETAPHIN,Northeast,32,15420.833828020639,0.9997794609787525,15421.210942037662,1.0001961280336047,2025-04-01
ZETAPHIN,Northeast,33,15420.833433081738,0.9998020547013886,15420.912403069222,1.0001928625075813,2025-05-01
ZETAPHIN,Northeast,34,15420.833350379111,0.9998170089630964,15420.849887178701,1.0001819519661919,2025-06-01
ZETAPHIN,Northeast,35,15420.833333060673,0.9998303639583648,15420.836795967904,1.0001694402245371,2025-07-01
ZETAPHIN,Northeast,36,15420.833329434086,1.0025991143980884,15420.834054588093,0.9974075765826366,2025-08-01
ZETAPHIN,Northeast,37,15420.833328674657,1.0004628743634096,15420.833480526351,0.9995373299475183,2025-09-01
ZETAPHIN,Northeast,38,15420.833328515628,0.9997510350335896,15420.833360314302,1.0002490249028275,2025-10-01
ZETAPHIN,Northeast,39,15420.833328482326,0.9996121805003293,15420.833335141162,1.000387969530012,2025-11-01
ZETAPHIN,Northeast,40,15420.833328475352,0.9995933161265045,15420.83332986975,1.000406849242098,2025-12-01
ZETAPHIN,Northeast,41,15420.833328473893,0.9995995796054276,15420.833328765886,1.0004005807763499,2026-01-01
ZETAPHIN,Northeast,42,15420.833328473587,0.999432623260298,15420.833328534729,1.000567698834851,2026-02-01
ZETAPHIN,Northeast,43,15420.833328473522,0.9997203881107493,15418.750345397073,1.0004148220351996,2026-03-01
ZETAPHIN,Northeast,44,15420.833328473509,0.9997794609787525,15418.351589946586,1.0003815832177192,2026-04-01
ZETAPHIN,Northeast,45,15420.833328473505,0.9998020547013886,15417.952834496098,1.000384848743742,2026-05-01
ZETAPHIN,Northeast,46,15420.833328473505,0.9998170089630964,15417.55407904561,1.0003957592851316,2026-06-01
ZETAPHIN,Northeast,47,15420.833328473505,0.9998303639583648,15417.155323595123,1.0004082710267865,2026-07-01
ZETAPHIN,Northeast,48,15420.833328473505,1.0025991143980884,15416.756568144636,0.9976713749306256,2026-08-01
ZETAPHIN,Southeast,24,13973.364891542062,1.0004705368799687,13952.410180025621,1.001030848443338,2024-08-01
ZETAPHIN,Southeast,25,13952.287629532375,0.9999579303391758,13952.374087570726,1.0000358745157911,2024-09-01
ZETAPHIN,Southeast,26,13951.923081546893,0.9999461601629531,13952.33799511583,1.0000241032106154,2024-10-01
ZETAPHIN,Southeast,27,13951.91677639997,0.9999472275521929,13952.301902660935,1.0000251707136614,2024-11-01
ZETAPHIN,Southeast,28,13951.916667347446,0.9999485169844728,13952.265810206038,1.0000264602803817,2024-12-01
ZETAPHIN,Southeast,29,13951.916665461296,0.9999498102637489,13952.229717751143,1.000027753691159,2025-01-01
ZETAPHIN,Southeast,30,13951.916665428675,0.9999278776717333,13952.841799278518,1.0000058184162741,2025-02-01
ZETAPHIN,Southeast,31,13951.916665428109,0.9999673444132604,13951.932666352757,1.00003150975491,2025-03-01
ZETAPHIN,Southeast,32,13951.9166654281,0.9999692013509971,13951.916942176797,1.0000307797610875,2025-04-01
ZETAPHIN,Southeast,33,13951.9166654281,0.9999705045509593,13951.916670214687,1.0000294959759604,2025-05-01
ZETAPHIN,Southeast,34,13951.9166654281,0.9999717981801524,13951.916665510886,1.0000282026092788,2025-06-01
ZETAPHIN,Southeast,35,13951.9166654281,0.9999730916503878,13951.91666542953,1.0000269090735885,2025-07-01
ZETAPHIN,Southeast,36,13951.9166654281,1.0004705368799687,13951.916665428123,0.9995296844208548,2025-08-01
ZETAPHIN,Southeast,37,13951.9166654281,0.9999579303391758,13951.916665428098,1.0000420714307552,2025-09-01
ZETAPHIN,Southeast,38,13951.9166654281,0.9999461601629531,13951.916665428098,1.0000538427359311,2025-10-01
ZETAPHIN,Southeast,39,13951.9166654281,0.9999472275521929,13951.916665428098,1.0000527752328854,2025-11-01
ZETAPHIN,Southeast,40,13951.9166654281,0.9999485169844728,13951.916665428098,1.0000514856661646,2025-12-01
ZETAPHIN,Southeast,41,13951.9166654281,0.9999498102637489,13951.916665428098,1.0000501922553873,2026-01-01
ZETAPHIN,Southeast,42,13951.9166654281,0.9999278776717333,13951.916665428098,1.0000721275302722,2026-02-01
ZETAPHIN,Southeast,43,13951.9166654281,0.9999673444132604,13951.724423382602,1.0000464361916364,2026-03-01
ZETAPHIN,Southeast,44,13951.9166654281,0.9999692013509971,13951.688330927705,1.000047166185459,2026-04-01
ZETAPHIN,Southeast,45,13951.9166654281,0.9999705045509593,13951.65223847281,1.0000484499705862,2026-05-01
ZETAPHIN,Southeast,46,13951.9166654281,0.9999717981801524,13951.616146017914,1.0000497433372677,2026-06-01
ZETAPHIN,Southeast,47,13951.9166654281,0.9999730916503878,13951.580053563019,1.0000510368729583,2026-07-01
ZETAPHIN,Southeast,48,13951.9166654281,1.0004705368799687,13951.543961108122,0.9995563860556267,2026-08-01
ZETAPHIN,Southwest,24,14424.750321063371,0.9970027739435449,14561.645538927944,0.9935768929579646,2024-08-01
ZETAPHIN,Southwest,25,14605.332057169086,1.0016562981497397,14561.739206091452,1.001335147350051,2024-09-01
ZETAPHIN,Southwest,26,14549.896814987735,0.9997493593939294,14561.83287325496,0.999430816908878,2024-10-01
ZETAPHIN,Southwest,27,14566.914405703033,1.000330545983074,14561.926540418468,1.000011977900456,2024-11-01
ZETAPHIN,Southwest,28,14561.690321125103,1.0001479292272477,14562.020207581978,0.9998294421096154,2024-12-01
ZETAPHIN,Southwest,29,14563.294018154485,1.0001997844713495,14562.113874745486,0.9998812812863855,2025-01-01
ZETAPHIN,Southwest,30,14562.80171292403,1.0002601313371275,14559.864755951616,0.9999415998060557,2025-02-01
ZETAPHIN,Southwest,31,14562.95284149476,1.0001108599768809,14563.854432788281,0.999827253083134,2025-03-01
ZETAPHIN,Southwest,32,14562.906447827829,1.000148106058791,14562.629676030287,0.9998709186783662,2025-04-01
ZETAPHIN,Southwest,33,14562.920689822713,1.0001324679869585,14563.00565362889,0.9998617161093531,2025-05-01
ZETAPHIN,Southwest,34,14562.916317794552,1.0001330650788165,14562.89023548261,0.9998687433989067,2025-06-01
ZETAPHIN,Southwest,35,14562.917659926072,1.0001286783925418,14562.925666711864,0.9998707884280662,2025-07-01
ZETAPHIN,Southwest,36,14562.917247916599,0.9970027739435449,14562.91478998193,1.0030064057144044,2025-08-01
ZETAPHIN,Southwest,37,14562.917374395864,1.0016562981497397,14562.918128936195,0.9983463889108071,2025-09-01
ZETAPHIN,Southwest,38,14562.917335569076,0.9997493593939294,14562.917103939193,1.00025071935198,2025-10-01
ZETAPHIN,Southwest,39,14562.917347488179,1.000330545983074,14562.917418594254,0.9996695583604019,2025-11-01
ZETAPHIN,Southwest,40,14562.917343829236,1.0001479292272477,14562.91732200099,0.9998520941512425,2025-12-01
ZETAPHIN,Southwest,41,14562.917344952464,1.0001997844713495,14562.91735165333,0.9998002549744728,2026-01-01
ZETAPHIN,Southwest,42,14562.917344607653,1.0002601313371275,14562.91734255061,0.9997399364548023,2026-02-01
ZETAPHIN,Southwest,43,14562.917344713504,1.0001108599768809,14563.425215034602,0.999854283177724,2026-03-01
ZETAPHIN,Southwest,44,14562.91734468101,1.000148106058791,14563.518882198112,0.9998106175824916,2026-04-01
ZETAPHIN,Southwest,45,14562.917344690984,1.0001324679869585,14563.61254936162,0.9998198201515047,2026-05-01
ZETAPHIN,Southwest,46,14562.917344687923,1.0001330650788165,14563.706216525128,0.9998127928619515,2026-06-01
ZETAPHIN,Southwest,47,14562.917344688862,1.0001286783925418,14563.799883688636,0.9998107478327919,2026-07-01
ZETAPHIN,Southwest,48,14562.917344688574,0.9970027739435449,14563.893550852144,1.002939005718918,2026-08-01
ZETAPHIN,West,24,18115.34983973,1.0059508636818268,17771.748228969827,1.0133041133690044,2024-08-01
ZETAPHIN,West,25,17854.29245738288,1.001616036280675,17770.422773774488,1.0030985786041555,2024-09-01
ZETAPHIN,West,26,17781.532146469905,0.9996076871719779,17769.097318579148,1.0010925422110009,2024-10-01
ZETAPHIN,West,27,17761.2528393055,0.9990747513289676,17767.771863383805,1.0005588641507233,2024-11-01
ZETAPHIN,West,28,17755.600715312237,0.9989530682948008,17766.446408188465,1.000436929816201,2024-12-01
ZETAPHIN,West,29,17754.0253900126,0.9989460196780503,17765.120952993126,1.0004298633113515,2025-01-01
ZETAPHIN,West,30,17753.586325016393,0.9985115726942282,17780.15182820914,0.9999943088042054,2025-02-01
ZETAPHIN,West,31,17753.463951516176,0.9992426982085022,17760.868125473968,1.0003406784786573,2025-03-01
ZETAPHIN,West,32,17753.429844325477,0.9994302479293647,17755.493490234963,1.0004537848451043,2025-04-01
ZETAPHIN,West,33,17753.42033817868,0.9995094705450499,17753.995504897346,1.0004583578265749,2025-05-01
ZETAPHIN,West,34,17753.417688683803,0.9995584899718242,17753.57799562054,1.0004326715004175,2025-06-01
ZETAPHIN,West,35,17753.416950232855,0.9995990942147309,17753.4616299981,1.0003985488867568,2025-07-01
ZETAPHIN,West,36,17753.416744416343,1.0059508636818268,17753.429197286212,0.9940836423215899,2025-08-01
ZETAPHIN,West,37,17753.416687052428,1.001616036280675,17753.420157839868,0.9983863758947719,2025-09-01
ZETAPHIN,West,38,17753.416671064308,0.9996076871719779,17753.417638420873,1.0003924122879264,2025-10-01
ZETAPHIN,West,39,17753.4166666082,0.9990747513289676,17753.41693622388,1.000926090348204,2025-11-01
ZETAPHIN,West,40,17753.416665366218,0.9989530682948008,17753.416740511842,1.0010480246827258,2025-12-01
ZETAPHIN,West,41,17753.41666502006,0.9989460196780503,17753.41668596419,1.0010550911875755,2026-01-01
ZETAPHIN,West,42,17753.416664923585,0.9985115726942282,17753.416670761002,1.0014906456947217,2026-02-01
ZETAPHIN,West,43,17753.416664896693,0.9992426982085022,17746.56458025836,1.0011442760202698,2026-03-01
ZETAPHIN,West,44,17753.4166648892,0.9994302479293647,17745.23912506302,1.0010311696538226,2026-04-01
ZETAPHIN,West,45,17753.41666488711,0.9995094705450499,17743.91366986768,1.0010265966723526,2026-05-01
ZETAPHIN,West,46,17753.41666488653,0.9995584899718242,17742.588214672338,1.0010522829985096,2026-06-01
ZETAPHIN,West,47,17753.416664886365,0.9995990942147309,17741.262759477,1.0010864056121702,2026-07-01
ZETAPHIN,West,48,17753.41666488632,1.0059508636818268,17739.93730428166,0.9948396760577968,2026-08-01
